-- phpMyAdmin SQL Dump
-- version 5.2.0
-- https://www.phpmyadmin.net/
--
-- Host: 127.0.0.1
-- Waktu pembuatan: 16 Apr 2025 pada 06.33
-- Versi server: 10.4.27-MariaDB
-- Versi PHP: 7.4.22

SET SQL_MODE = "NO_AUTO_VALUE_ON_ZERO";
START TRANSACTION;
SET time_zone = "+00:00";


/*!40101 SET @OLD_CHARACTER_SET_CLIENT=@@CHARACTER_SET_CLIENT */;
/*!40101 SET @OLD_CHARACTER_SET_RESULTS=@@CHARACTER_SET_RESULTS */;
/*!40101 SET @OLD_COLLATION_CONNECTION=@@COLLATION_CONNECTION */;
/*!40101 SET NAMES utf8mb4 */;

--
-- Database: `db_clusterbencana`
--

-- --------------------------------------------------------

--
-- Struktur dari tabel `migrations`
--

CREATE TABLE `migrations` (
  `id` int(10) UNSIGNED NOT NULL,
  `migration` varchar(255) NOT NULL,
  `batch` int(11) NOT NULL
) ENGINE=InnoDB DEFAULT CHARSET=utf8mb4 COLLATE=utf8mb4_unicode_ci;

--
-- Dumping data untuk tabel `migrations`
--

INSERT INTO `migrations` (`id`, `migration`, `batch`) VALUES
(1, '2019_12_14_000001_create_personal_access_tokens_table', 1),
(2, '2024_10_17_100119_create_tb_kotakab', 1),
(3, '2024_10_17_100203_create_tb_kecamatan', 1),
(4, '2024_10_17_100628_create_tb_kriteria', 1),
(5, '2024_10_17_100737_create_tb_jenisbencana', 1),
(6, '2024_10_17_100813_create_tb_databencana', 1),
(7, '2024_10_17_102151_create_tb_user', 1),
(8, '2024_10_19_213245_update_luas_daerah_in_tb_databencana', 2),
(9, '2024_10_25_125958_create_tb_log_iterasi', 3),
(10, '2024_10_26_002242_create_tb_hasil_clustering', 4),
(11, '2024_10_26_011531_create_tb_clustering', 5),
(12, '2024_10_26_125619_add_data_hash_to_tb_clustering', 6),
(13, '2024_10_31_125619_add_eud_distance_to_tb_log_iterasi', 7),
(14, '2024_10_31_125958_create_tb_log_iterasi', 8),
(15, '2024_10_31_135619_add_eud_distance_to_tb_log_iterasi', 9),
(16, '2024_11_19_001719_add_members_count_to_tb_log_iterasi_table', 10),
(17, '2024_11_26_221020_create_tb_log_iterasi', 11),
(18, '2024_11_26_221415_add_id_data_to_table_name', 12),
(19, '2024_11_26_221444_add_type_to_log_iterasi', 13),
(20, '2025_01_26_190835_create_tb_log_silhouette', 14),
(21, '2025_01_26_190867_create_tb_log_silhouette', 15);

-- --------------------------------------------------------

--
-- Struktur dari tabel `personal_access_tokens`
--

CREATE TABLE `personal_access_tokens` (
  `id` bigint(20) UNSIGNED NOT NULL,
  `tokenable_type` varchar(255) NOT NULL,
  `tokenable_id` bigint(20) UNSIGNED NOT NULL,
  `name` varchar(255) NOT NULL,
  `token` varchar(64) NOT NULL,
  `abilities` text DEFAULT NULL,
  `last_used_at` timestamp NULL DEFAULT NULL,
  `expires_at` timestamp NULL DEFAULT NULL,
  `created_at` timestamp NULL DEFAULT NULL,
  `updated_at` timestamp NULL DEFAULT NULL
) ENGINE=InnoDB DEFAULT CHARSET=utf8mb4 COLLATE=utf8mb4_unicode_ci;

-- --------------------------------------------------------

--
-- Struktur dari tabel `tb_clustering`
--

CREATE TABLE `tb_clustering` (
  `id` bigint(20) UNSIGNED NOT NULL,
  `id_kotakab` bigint(20) UNSIGNED NOT NULL,
  `id_kecamatan` bigint(20) UNSIGNED NOT NULL,
  `frekuensi_kejadian` int(11) NOT NULL,
  `total_kerusakan` int(11) NOT NULL,
  `total_korban` int(11) NOT NULL,
  `cluster` varchar(255) NOT NULL,
  `tahun` varchar(255) NOT NULL,
  `created_at` timestamp NULL DEFAULT NULL,
  `updated_at` timestamp NULL DEFAULT NULL,
  `data_hash` varchar(255) DEFAULT NULL
) ENGINE=InnoDB DEFAULT CHARSET=utf8mb4 COLLATE=utf8mb4_unicode_ci;

-- --------------------------------------------------------

--
-- Struktur dari tabel `tb_databencana`
--

CREATE TABLE `tb_databencana` (
  `id` bigint(20) UNSIGNED NOT NULL,
  `id_kotakab` bigint(20) UNSIGNED NOT NULL,
  `id_kecamatan` bigint(20) UNSIGNED NOT NULL,
  `id_jenisbencana` bigint(20) UNSIGNED NOT NULL,
  `tahun` varchar(255) NOT NULL,
  `frekuensi_kejadian` int(11) NOT NULL,
  `total_kerusakan` int(11) NOT NULL,
  `total_korban` int(11) NOT NULL,
  `created_at` timestamp NULL DEFAULT NULL,
  `updated_at` timestamp NULL DEFAULT NULL
) ENGINE=InnoDB DEFAULT CHARSET=utf8mb4 COLLATE=utf8mb4_unicode_ci;

--
-- Dumping data untuk tabel `tb_databencana`
--

INSERT INTO `tb_databencana` (`id`, `id_kotakab`, `id_kecamatan`, `id_jenisbencana`, `tahun`, `frekuensi_kejadian`, `total_kerusakan`, `total_korban`, `created_at`, `updated_at`) VALUES
(1574, 26, 545, 1, '2021', 2, 33, 0, '2024-10-24 10:43:42', '2024-10-24 10:43:42'),
(1575, 26, 546, 2, '2021', 1, 52, 0, '2024-10-24 10:43:42', '2024-10-24 10:43:42'),
(1576, 26, 540, 3, '2021', 1, 2399, 0, '2024-10-24 10:43:42', '2024-10-24 10:43:42'),
(1577, 26, 539, 1, '2021', 1, 31, 0, '2024-10-24 10:43:42', '2024-10-24 10:43:42'),
(1578, 26, 538, 1, '2021', 1, 5, 0, '2024-10-24 10:43:42', '2024-10-24 10:43:42'),
(1579, 10, 208, 1, '2021', 1, 14, 0, '2024-10-24 10:43:42', '2024-10-24 10:43:42'),
(1580, 10, 208, 2, '2021', 1, 36, 1, '2024-10-24 10:43:42', '2024-10-24 10:43:42'),
(1581, 10, 210, 1, '2021', 1, 1, 0, '2024-10-24 10:43:42', '2024-10-24 10:43:42'),
(1582, 10, 216, 1, '2021', 1, 13, 0, '2024-10-24 10:43:42', '2024-10-24 10:43:42'),
(1583, 10, 207, 2, '2021', 1, 29, 1, '2024-10-24 10:43:42', '2024-10-24 10:43:42'),
(1584, 10, 222, 3, '2021', 3, 1094, 0, '2024-10-24 10:43:42', '2024-10-24 10:43:42'),
(1585, 10, 225, 3, '2021', 2, 300, 0, '2024-10-24 10:43:42', '2024-10-24 10:43:42'),
(1586, 10, 206, 3, '2021', 1, 500, 0, '2024-10-24 10:43:42', '2024-10-24 10:43:42'),
(1587, 10, 213, 1, '2021', 1, 1, 0, '2024-10-24 10:43:42', '2024-10-24 10:43:42'),
(1588, 10, 212, 2, '2021', 1, 16, 0, '2024-10-24 10:43:42', '2024-10-24 10:43:42'),
(1589, 10, 221, 4, '2021', 1, 3, 6, '2024-10-24 10:43:42', '2024-10-24 10:43:42'),
(1590, 38, 667, 3, '2021', 2, 55, 3, '2024-10-24 10:43:42', '2024-10-24 10:43:42'),
(1591, 38, 667, 4, '2021', 3, 0, 0, '2024-10-24 10:43:42', '2024-10-24 10:43:42'),
(1592, 38, 665, 5, '2021', 1, 3, 0, '2024-10-24 10:43:42', '2024-10-24 10:43:42'),
(1593, 38, 665, 4, '2021', 2, 18, 0, '2024-10-24 10:43:42', '2024-10-24 10:43:42'),
(1594, 38, 665, 3, '2021', 1, 53, 4, '2024-10-24 10:43:42', '2024-10-24 10:43:42'),
(1595, 5, 88, 3, '2021', 1, 65, 0, '2024-10-24 10:43:42', '2024-10-24 10:43:42'),
(1596, 5, 88, 1, '2021', 1, 20, 0, '2024-10-24 10:43:42', '2024-10-24 10:43:42'),
(1597, 5, 87, 1, '2021', 1, 4, 0, '2024-10-24 10:43:42', '2024-10-24 10:43:42'),
(1598, 5, 85, 1, '2021', 1, 3, 0, '2024-10-24 10:43:42', '2024-10-24 10:43:42'),
(1599, 5, 89, 1, '2021', 1, 4, 0, '2024-10-24 10:43:42', '2024-10-24 10:43:42'),
(1600, 5, 86, 1, '2021', 1, 14, 5, '2024-10-24 10:43:42', '2024-10-24 10:43:42'),
(1601, 5, 88, 1, '2021', 1, 24, 0, '2024-10-24 10:43:42', '2024-10-24 10:43:42'),
(1602, 31, 612, 1, '2021', 1, 3, 0, '2024-10-24 10:43:42', '2024-10-24 10:43:42'),
(1603, 31, 613, 1, '2021', 1, 3, 0, '2024-10-24 10:43:42', '2024-10-24 10:43:42'),
(1604, 3524, 444, 1, '2021', 1, 5, 0, '2024-10-24 10:43:42', '2024-10-24 10:43:42'),
(1605, 3524, 455, 3, '2021', 1, 103, 0, '2024-10-24 10:43:42', '2024-10-24 10:43:42'),
(1606, 3524, 450, 3, '2021', 1, 120, 0, '2024-10-24 10:43:42', '2024-10-24 10:43:42'),
(1607, 3524, 65, 3, '2021', 3, 565, 0, '2024-10-24 10:43:42', '2024-10-24 10:43:42'),
(1608, 3524, 458, 3, '2021', 2, 87, 0, '2024-10-24 10:43:42', '2024-10-24 10:43:42'),
(1609, 3524, 447, 3, '2021', 4, 431, 1, '2024-10-24 10:43:42', '2024-10-24 10:43:42'),
(1610, 3524, 462, 3, '2021', 1, 229, 0, '2024-10-24 10:43:42', '2024-10-24 10:43:42'),
(1611, 3524, 461, 3, '2021', 1, 71, 0, '2024-10-24 10:43:42', '2024-10-24 10:43:42'),
(1612, 3524, 466, 3, '2021', 1, 133, 0, '2024-10-24 10:43:42', '2024-10-24 10:43:42'),
(1613, 3524, 460, 3, '2021', 2, 507, 0, '2024-10-24 10:43:42', '2024-10-24 10:43:42'),
(1614, 11, 135, 1, '2021', 1, 33, 0, '2024-10-24 10:43:42', '2024-10-24 10:43:42'),
(1615, 11, 228, 1, '2021', 2, 22, 0, '2024-10-24 10:43:42', '2024-10-24 10:43:42'),
(1616, 11, 239, 1, '2021', 1, 23, 0, '2024-10-24 10:43:42', '2024-10-24 10:43:42'),
(1617, 11, 236, 1, '2021', 1, 23, 0, '2024-10-24 10:43:42', '2024-10-24 10:43:42'),
(1618, 11, 241, 1, '2021', 1, 27, 0, '2024-10-24 10:43:42', '2024-10-24 10:43:42'),
(1619, 11, 246, 1, '2021', 1, 27, 0, '2024-10-24 10:43:42', '2024-10-24 10:43:42'),
(1620, 11, 668, 3, '2021', 1, 6, 0, '2024-10-24 10:43:42', '2024-10-24 10:43:42'),
(1621, 11, 668, 4, '2021', 1, 1, 0, '2024-10-24 10:43:42', '2024-10-24 10:43:42'),
(1622, 11, 245, 4, '2021', 1, 1, 0, '2024-10-24 10:43:42', '2024-10-24 10:43:42'),
(1623, 25, 522, 1, '2021', 1, 20, 0, '2024-10-24 10:43:42', '2024-10-24 10:43:42'),
(1624, 25, 522, 3, '2021', 4, 455, 0, '2024-10-24 10:43:42', '2024-10-24 10:43:42'),
(1625, 25, 523, 1, '2021', 1, 11, 0, '2024-10-24 10:43:42', '2024-10-24 10:43:42'),
(1626, 25, 523, 3, '2021', 8, 1087, 0, '2024-10-24 10:43:42', '2024-10-24 10:43:42'),
(1627, 25, 524, 3, '2021', 9, 1193, 0, '2024-10-24 10:43:42', '2024-10-24 10:43:42'),
(1628, 25, 529, 3, '2021', 1, 3, 0, '2024-10-24 10:43:42', '2024-10-24 10:43:42'),
(1629, 25, 533, 3, '2021', 1, 0, 0, '2024-10-24 10:43:42', '2024-10-24 10:43:42'),
(1630, 25, 520, 3, '2021', 3, 646, 0, '2024-10-24 10:43:42', '2024-10-24 10:43:42'),
(1631, 25, 521, 3, '2021', 3, 624, 0, '2024-10-24 10:43:42', '2024-10-24 10:43:42'),
(1632, 25, 519, 3, '2021', 1, 119, 0, '2024-10-24 10:43:42', '2024-10-24 10:43:42'),
(1633, 25, 525, 3, '2021', 2, 308, 0, '2024-10-24 10:43:42', '2024-10-24 10:43:42'),
(1634, 25, 534, 3, '2021', 1, 4, 0, '2024-10-24 10:43:42', '2024-10-24 10:43:42'),
(1635, 9, 196, 1, '2021', 1, 1, 0, '2024-10-24 10:43:42', '2024-10-24 10:43:42'),
(1636, 9, 194, 1, '2021', 1, 9, 0, '2024-10-24 10:43:42', '2024-10-24 10:43:42'),
(1637, 9, 174, 1, '2021', 1, 14, 0, '2024-10-24 10:43:42', '2024-10-24 10:43:42'),
(1638, 9, 174, 3, '2021', 2, 54, 0, '2024-10-24 10:43:42', '2024-10-24 10:43:42'),
(1639, 9, 193, 1, '2021', 1, 13, 0, '2024-10-24 10:43:42', '2024-10-24 10:43:42'),
(1640, 9, 193, 3, '2021', 1, 16, 0, '2024-10-24 10:43:42', '2024-10-24 10:43:42'),
(1641, 9, 191, 1, '2021', 1, 5, 0, '2024-10-24 10:43:42', '2024-10-24 10:43:42'),
(1642, 9, 182, 1, '2021', 1, 5, 0, '2024-10-24 10:43:42', '2024-10-24 10:43:42'),
(1643, 9, 179, 1, '2021', 1, 5, 0, '2024-10-24 10:43:42', '2024-10-24 10:43:42'),
(1644, 9, 200, 3, '2021', 2, 112, 0, '2024-10-24 10:43:42', '2024-10-24 10:43:42'),
(1645, 9, 200, 1, '2021', 1, 5, 0, '2024-10-24 10:43:42', '2024-10-24 10:43:42'),
(1646, 9, 192, 1, '2021', 1, 22, 0, '2024-10-24 10:43:42', '2024-10-24 10:43:42'),
(1647, 9, 192, 3, '2021', 1, 5, 0, '2024-10-24 10:43:42', '2024-10-24 10:43:42'),
(1648, 9, 183, 3, '2021', 1, 296, 0, '2024-10-24 10:43:42', '2024-10-24 10:43:42'),
(1649, 9, 183, 1, '2021', 1, 0, 0, '2024-10-24 10:43:42', '2024-10-24 10:43:42'),
(1650, 9, 198, 3, '2021', 2, 361, 0, '2024-10-24 10:43:42', '2024-10-24 10:43:42'),
(1651, 9, 188, 3, '2021', 3, 31, 0, '2024-10-24 10:43:42', '2024-10-24 10:43:42'),
(1652, 9, 181, 3, '2021', 2, 54, 0, '2024-10-24 10:43:42', '2024-10-24 10:43:42'),
(1653, 9, 176, 3, '2021', 1, 3, 0, '2024-10-24 10:43:42', '2024-10-24 10:43:42'),
(1654, 9, 185, 3, '2021', 1, 100, 0, '2024-10-24 10:43:42', '2024-10-24 10:43:42'),
(1655, 9, 172, 3, '2021', 2, 560, 0, '2024-10-24 10:43:42', '2024-10-24 10:43:42'),
(1656, 9, 172, 1, '2021', 1, 267, 1, '2024-10-24 10:43:42', '2024-10-24 10:43:42'),
(1657, 9, 171, 3, '2021', 1, 35, 0, '2024-10-24 10:43:42', '2024-10-24 10:43:42'),
(1658, 9, 171, 1, '2021', 1, 57, 1, '2024-10-24 10:43:42', '2024-10-24 10:43:42'),
(1659, 9, 187, 3, '2021', 1, 100, 0, '2024-10-24 10:43:42', '2024-10-24 10:43:42'),
(1660, 9, 187, 4, '2021', 1, 76, 0, '2024-10-24 10:43:42', '2024-10-24 10:43:42'),
(1661, 9, 184, 3, '2021', 1, 869, 0, '2024-10-24 10:43:42', '2024-10-24 10:43:42'),
(1662, 9, 173, 3, '2021', 1, 59, 0, '2024-10-24 10:43:42', '2024-10-24 10:43:42'),
(1663, 9, 175, 3, '2021', 2, 976, 0, '2024-10-24 10:43:42', '2024-10-24 10:43:42'),
(1664, 9, 197, 3, '2021', 1, 12, 0, '2024-10-24 10:43:42', '2024-10-24 10:43:42'),
(1665, 9, 199, 3, '2021', 1, 28, 0, '2024-10-24 10:43:42', '2024-10-24 10:43:42'),
(1666, 9, 186, 4, '2021', 1, 356, 0, '2024-10-24 10:43:42', '2024-10-24 10:43:42'),
(1667, 17, 353, 1, '2021', 1, 24, 0, '2024-10-24 10:43:42', '2024-10-24 10:43:42'),
(1668, 17, 78, 3, '2021', 2, 510, 0, '2024-10-24 10:43:42', '2024-10-24 10:43:42'),
(1669, 17, 78, 1, '2021', 2, 28, 0, '2024-10-24 10:43:42', '2024-10-24 10:43:42'),
(1670, 17, 350, 3, '2021', 1, 2067, 0, '2024-10-24 10:43:42', '2024-10-24 10:43:42'),
(1671, 17, 350, 1, '2021', 1, 33, 0, '2024-10-24 10:43:42', '2024-10-24 10:43:42'),
(1672, 17, 358, 3, '2021', 9, 3765, 0, '2024-10-24 10:43:42', '2024-10-24 10:43:42'),
(1673, 17, 355, 3, '2021', 4, 1285, 0, '2024-10-24 10:43:42', '2024-10-24 10:43:42'),
(1674, 17, 361, 3, '2021', 1, 526, 0, '2024-10-24 10:43:42', '2024-10-24 10:43:42'),
(1675, 17, 357, 3, '2021', 1, 3, 0, '2024-10-24 10:43:42', '2024-10-24 10:43:42'),
(1676, 17, 356, 3, '2021', 1, 44, 0, '2024-10-24 10:43:42', '2024-10-24 10:43:42'),
(1677, 6, 107, 1, '2021', 1, 21, 0, '2024-10-24 10:43:42', '2024-10-24 10:43:42'),
(1678, 6, 99, 3, '2021', 1, 73, 0, '2024-10-24 10:43:42', '2024-10-24 10:43:42'),
(1679, 6, 111, 3, '2021', 1, 422, 0, '2024-10-24 10:43:42', '2024-10-24 10:43:42'),
(1680, 6, 112, 3, '2021', 2, 301, 0, '2024-10-24 10:43:42', '2024-10-24 10:43:42'),
(1681, 30, 608, 3, '2021', 1, 7, 0, '2024-10-24 10:43:42', '2024-10-24 10:43:42'),
(1682, 24, 220, 3, '2021', 2, 461, 0, '2024-10-24 10:43:42', '2024-10-24 10:43:42'),
(1683, 24, 220, 1, '2021', 1, 230, 0, '2024-10-24 10:43:42', '2024-10-24 10:43:42'),
(1684, 24, 501, 3, '2021', 1, 198, 0, '2024-10-24 10:43:42', '2024-10-24 10:43:42'),
(1685, 24, 500, 3, '2021', 2, 2850, 0, '2024-10-24 10:43:42', '2024-10-24 10:43:42'),
(1686, 24, 510, 3, '2021', 3, 514, 0, '2024-10-24 10:43:42', '2024-10-24 10:43:42'),
(1687, 24, 509, 3, '2021', 2, 1313, 0, '2024-10-24 10:43:42', '2024-10-24 10:43:42'),
(1688, 24, 506, 3, '2021', 2, 158, 0, '2024-10-24 10:43:42', '2024-10-24 10:43:42'),
(1689, 24, 508, 3, '2021', 2, 69, 0, '2024-10-24 10:43:42', '2024-10-24 10:43:42'),
(1690, 24, 504, 3, '2021', 1, 6, 0, '2024-10-24 10:43:42', '2024-10-24 10:43:42'),
(1691, 24, 503, 3, '2021', 2, 4, 0, '2024-10-24 10:43:42', '2024-10-24 10:43:42'),
(1692, 24, 503, 5, '2021', 1, 0, 0, '2024-10-24 10:43:42', '2024-10-24 10:43:42'),
(1693, 24, 499, 3, '2021', 1, 25, 0, '2024-10-24 10:43:42', '2024-10-24 10:43:42'),
(1694, 24, 497, 3, '2021', 1, 45, 0, '2024-10-24 10:43:42', '2024-10-24 10:43:42'),
(1695, 24, 514, 4, '2021', 1, 2, 0, '2024-10-24 10:43:42', '2024-10-24 10:43:42'),
(1696, 8, 151, 1, '2021', 1, 17, 30, '2024-10-24 10:43:42', '2024-10-24 10:43:42'),
(1697, 8, 151, 3, '2021', 1, 0, 0, '2024-10-24 10:43:42', '2024-10-24 10:43:42'),
(1698, 8, 151, 6, '2021', 1, 578, 0, '2024-10-24 10:43:42', '2024-10-24 10:43:42'),
(1699, 8, 164, 2, '2021', 2, 108, 0, '2024-10-24 10:43:42', '2024-10-24 10:43:42'),
(1700, 8, 157, 3, '2021', 2, 40, 0, '2024-10-24 10:43:42', '2024-10-24 10:43:42'),
(1701, 8, 167, 3, '2021', 1, 20, 0, '2024-10-24 10:43:42', '2024-10-24 10:43:42'),
(1702, 8, 167, 4, '2021', 1, 8, 0, '2024-10-24 10:43:42', '2024-10-24 10:43:42'),
(1703, 8, 162, 3, '2021', 1, 1273, 0, '2024-10-24 10:43:42', '2024-10-24 10:43:42'),
(1704, 8, 156, 3, '2021', 1, 48, 0, '2024-10-24 10:43:42', '2024-10-24 10:43:42'),
(1705, 8, 154, 3, '2021', 2, 20, 0, '2024-10-24 10:43:42', '2024-10-24 10:43:42'),
(1706, 8, 159, 3, '2021', 1, 97, 0, '2024-10-24 10:43:42', '2024-10-24 10:43:42'),
(1707, 8, 150, 6, '2021', 1, 577, 31, '2024-10-24 10:43:42', '2024-10-24 10:43:42'),
(1708, 19, 398, 1, '2021', 1, 8, 0, '2024-10-24 10:43:42', '2024-10-24 10:43:42'),
(1709, 19, 398, 3, '2021', 1, 34, 0, '2024-10-24 10:43:42', '2024-10-24 10:43:42'),
(1710, 19, 398, 4, '2021', 1, 0, 0, '2024-10-24 10:43:42', '2024-10-24 10:43:42'),
(1711, 19, 396, 4, '2021', 3, 2, 0, '2024-10-24 10:43:42', '2024-10-24 10:43:42'),
(1712, 19, 396, 1, '2021', 1, 8, 0, '2024-10-24 10:43:42', '2024-10-24 10:43:42'),
(1713, 19, 395, 1, '2021', 1, 8, 0, '2024-10-24 10:43:42', '2024-10-24 10:43:42'),
(1714, 19, 395, 3, '2021', 2, 30, 0, '2024-10-24 10:43:42', '2024-10-24 10:43:42'),
(1715, 19, 401, 2, '2021', 1, 261, 3, '2024-10-24 10:43:42', '2024-10-24 10:43:42'),
(1716, 19, 401, 3, '2021', 2, 186, 0, '2024-10-24 10:43:43', '2024-10-24 10:43:43'),
(1717, 19, 371, 2, '2021', 1, 1, 0, '2024-10-24 10:43:43', '2024-10-24 10:43:43'),
(1718, 19, 400, 3, '2021', 2, 116, 0, '2024-10-24 10:43:43', '2024-10-24 10:43:43'),
(1719, 19, 392, 3, '2021', 1, 0, 0, '2024-10-24 10:43:43', '2024-10-24 10:43:43'),
(1720, 19, 397, 3, '2021', 2, 20, 0, '2024-10-24 10:43:43', '2024-10-24 10:43:43'),
(1721, 19, 397, 4, '2021', 1, 1, 0, '2024-10-24 10:43:43', '2024-10-24 10:43:43'),
(1722, 19, 403, 3, '2021', 1, 150, 0, '2024-10-24 10:43:43', '2024-10-24 10:43:43'),
(1723, 19, 402, 3, '2021', 2, 389, 0, '2024-10-24 10:43:43', '2024-10-24 10:43:43'),
(1724, 19, 394, 4, '2021', 1, 3, 0, '2024-10-24 10:43:43', '2024-10-24 10:43:43'),
(1725, 36, 631, 3, '2021', 1, 1, 0, '2024-10-24 10:43:43', '2024-10-24 10:43:43'),
(1726, 20, 423, 3, '2021', 1, 21, 0, '2024-10-24 10:43:43', '2024-10-24 10:43:43'),
(1727, 20, 422, 3, '2021', 1, 92, 0, '2024-10-24 10:43:43', '2024-10-24 10:43:43'),
(1728, 20, 413, 3, '2021', 1, 42, 0, '2024-10-24 10:43:43', '2024-10-24 10:43:43'),
(1729, 20, 413, 1, '2021', 1, 6, 0, '2024-10-24 10:43:43', '2024-10-24 10:43:43'),
(1730, 20, 411, 3, '2021', 1, 21, 0, '2024-10-24 10:43:43', '2024-10-24 10:43:43'),
(1731, 20, 410, 3, '2021', 1, 3, 0, '2024-10-24 10:43:43', '2024-10-24 10:43:43'),
(1732, 20, 421, 4, '2021', 1, 1, 0, '2024-10-24 10:43:43', '2024-10-24 10:43:43'),
(1733, 20, 414, 4, '2021', 1, 4, 0, '2024-10-24 10:43:43', '2024-10-24 10:43:43'),
(1734, 7, 143, 1, '2021', 1, 13, 0, '2024-10-24 10:43:43', '2024-10-24 10:43:43'),
(1735, 7, 147, 1, '2021', 1, 4, 0, '2024-10-24 10:43:43', '2024-10-24 10:43:43'),
(1736, 7, 147, 5, '2021', 2, 31, 0, '2024-10-24 10:43:43', '2024-10-24 10:43:43'),
(1737, 7, 147, 4, '2021', 2, 1, 0, '2024-10-24 10:43:43', '2024-10-24 10:43:43'),
(1738, 7, 140, 1, '2021', 1, 39, 0, '2024-10-24 10:43:43', '2024-10-24 10:43:43'),
(1739, 7, 137, 1, '2021', 1, 82, 0, '2024-10-24 10:43:43', '2024-10-24 10:43:43'),
(1740, 7, 123, 4, '2021', 1, 9, 0, '2024-10-24 10:43:43', '2024-10-24 10:43:43'),
(1741, 7, 146, 4, '2021', 1, 1, 0, '2024-10-24 10:43:43', '2024-10-24 10:43:43'),
(1742, 7, 124, 4, '2021', 1, 18, 0, '2024-10-24 10:43:43', '2024-10-24 10:43:43'),
(1743, 7, 126, 4, '2021', 1, 5, 0, '2024-10-24 10:43:43', '2024-10-24 10:43:43'),
(1744, 7, 135, 4, '2021', 1, 0, 1, '2024-10-24 10:43:43', '2024-10-24 10:43:43'),
(1745, 32, 616, 1, '2021', 2, 6, 1, '2024-10-24 10:43:43', '2024-10-24 10:43:43'),
(1746, 32, 616, 3, '2021', 2, 221, 0, '2024-10-24 10:43:43', '2024-10-24 10:43:43'),
(1747, 32, 616, 4, '2021', 1, 12, 1, '2024-10-24 10:43:43', '2024-10-24 10:43:43'),
(1748, 32, 615, 1, '2021', 1, 218, 1, '2024-10-24 10:43:43', '2024-10-24 10:43:43'),
(1749, 32, 615, 3, '2021', 1, 141, 0, '2024-10-24 10:43:43', '2024-10-24 10:43:43'),
(1750, 32, 617, 1, '2021', 1, 15, 0, '2024-10-24 10:43:43', '2024-10-24 10:43:43'),
(1751, 32, 617, 3, '2021', 1, 43, 0, '2024-10-24 10:43:43', '2024-10-24 10:43:43'),
(1752, 32, 618, 3, '2021', 1, 61, 0, '2024-10-24 10:43:43', '2024-10-24 10:43:43'),
(1753, 32, 614, 1, '2021', 1, 0, 0, '2024-10-24 10:43:43', '2024-10-24 10:43:43'),
(1754, 32, 614, 3, '2021', 1, 5, 0, '2024-10-24 10:43:43', '2024-10-24 10:43:43'),
(1755, 32, 614, 4, '2021', 1, 1, 0, '2024-10-24 10:43:43', '2024-10-24 10:43:43'),
(1756, 16, 344, 1, '2021', 1, 58, 0, '2024-10-24 10:43:43', '2024-10-24 10:43:43'),
(1757, 16, 340, 1, '2021', 1, 7, 0, '2024-10-24 10:43:43', '2024-10-24 10:43:43'),
(1758, 16, 24, 1, '2021', 2, 51, 2, '2024-10-24 10:43:43', '2024-10-24 10:43:43'),
(1759, 16, 341, 1, '2021', 1, 17, 0, '2024-10-24 10:43:43', '2024-10-24 10:43:43'),
(1760, 16, 339, 1, '2021', 1, 30, 0, '2024-10-24 10:43:43', '2024-10-24 10:43:43'),
(1761, 16, 339, 3, '2021', 2, 60, 0, '2024-10-24 10:43:43', '2024-10-24 10:43:43'),
(1762, 16, 347, 3, '2021', 1, 172, 0, '2024-10-24 10:43:43', '2024-10-24 10:43:43'),
(1763, 16, 349, 3, '2021', 1, 33, 0, '2024-10-24 10:43:43', '2024-10-24 10:43:43'),
(1764, 16, 337, 3, '2021', 1, 86, 0, '2024-10-24 10:43:43', '2024-10-24 10:43:43'),
(1765, 16, 19, 3, '2021', 2, 762, 0, '2024-10-24 10:43:43', '2024-10-24 10:43:43'),
(1766, 16, 334, 4, '2021', 1, 1, 0, '2024-10-24 10:43:43', '2024-10-24 10:43:43'),
(1767, 18, 375, 3, '2021', 3, 15, 0, '2024-10-24 10:43:43', '2024-10-24 10:43:43'),
(1768, 18, 384, 3, '2021', 3, 132, 0, '2024-10-24 10:43:43', '2024-10-24 10:43:43'),
(1769, 18, 315, 3, '2021', 2, 891, 0, '2024-10-24 10:43:43', '2024-10-24 10:43:43'),
(1770, 18, 374, 3, '2021', 3, 26, 0, '2024-10-24 10:43:43', '2024-10-24 10:43:43'),
(1771, 18, 373, 3, '2021', 2, 145, 0, '2024-10-24 10:43:43', '2024-10-24 10:43:43'),
(1772, 18, 371, 4, '2021', 1, 1, 0, '2024-10-24 10:43:43', '2024-10-24 10:43:43'),
(1773, 18, 372, 4, '2021', 1, 64, 37, '2024-10-24 10:43:43', '2024-10-24 10:43:43'),
(1774, 21, 431, 3, '2021', 1, 8, 0, '2024-10-24 10:43:43', '2024-10-24 10:43:43'),
(1775, 21, 430, 3, '2021', 1, 6, 0, '2024-10-24 10:43:43', '2024-10-24 10:43:43'),
(1776, 28, 569, 1, '2021', 1, 77, 0, '2024-10-24 10:43:43', '2024-10-24 10:43:43'),
(1777, 28, 574, 3, '2021', 1, 1, 0, '2024-10-24 10:43:43', '2024-10-24 10:43:43'),
(1778, 28, 572, 3, '2021', 2, 976, 0, '2024-10-24 10:43:43', '2024-10-24 10:43:43'),
(1779, 28, 580, 4, '2021', 1, 1, 6, '2024-10-24 10:43:43', '2024-10-24 10:43:43'),
(1780, 14, 303, 1, '2021', 1, 27, 0, '2024-10-24 10:43:43', '2024-10-24 10:43:43'),
(1781, 14, 303, 3, '2021', 3, 1195, 0, '2024-10-24 10:43:43', '2024-10-24 10:43:43'),
(1782, 14, 301, 1, '2021', 1, 0, 0, '2024-10-24 10:43:43', '2024-10-24 10:43:43'),
(1783, 14, 302, 3, '2021', 2, 1771, 2, '2024-10-24 10:43:43', '2024-10-24 10:43:43'),
(1784, 14, 302, 1, '2021', 1, 0, 0, '2024-10-24 10:43:43', '2024-10-24 10:43:43'),
(1785, 14, 304, 3, '2021', 7, 1889, 0, '2024-10-24 10:43:43', '2024-10-24 10:43:43'),
(1786, 14, 304, 1, '2021', 2, 110, 0, '2024-10-24 10:43:43', '2024-10-24 10:43:43'),
(1787, 14, 307, 1, '2021', 1, 15, 0, '2024-10-24 10:43:43', '2024-10-24 10:43:43'),
(1788, 14, 309, 3, '2021', 3, 565, 0, '2024-10-24 10:43:43', '2024-10-24 10:43:43'),
(1789, 14, 309, 1, '2021', 1, 3, 0, '2024-10-24 10:43:43', '2024-10-24 10:43:43'),
(1790, 14, 295, 1, '2021', 1, 0, 0, '2024-10-24 10:43:43', '2024-10-24 10:43:43'),
(1791, 14, 287, 2, '2021', 1, 14, 0, '2024-10-24 10:43:43', '2024-10-24 10:43:43'),
(1792, 14, 306, 3, '2021', 2, 776, 0, '2024-10-24 10:43:43', '2024-10-24 10:43:43'),
(1793, 14, 311, 3, '2021', 3, 990, 0, '2024-10-24 10:43:43', '2024-10-24 10:43:43'),
(1794, 14, 310, 3, '2021', 3, 947, 0, '2024-10-24 10:43:43', '2024-10-24 10:43:43'),
(1795, 14, 308, 3, '2021', 2, 700, 0, '2024-10-24 10:43:43', '2024-10-24 10:43:43'),
(1796, 14, 293, 4, '2021', 1, 5, 0, '2024-10-24 10:43:43', '2024-10-24 10:43:43'),
(1797, 34, 625, 1, '2021', 1, 6, 0, '2024-10-24 10:43:43', '2024-10-24 10:43:43'),
(1798, 34, 625, 3, '2021', 3, 335, 0, '2024-10-24 10:43:43', '2024-10-24 10:43:43'),
(1799, 34, 70, 1, '2021', 1, 6, 0, '2024-10-24 10:43:43', '2024-10-24 10:43:43'),
(1800, 34, 70, 3, '2021', 8, 1281, 0, '2024-10-24 10:43:43', '2024-10-24 10:43:43'),
(1801, 34, 624, 1, '2021', 1, 7, 0, '2024-10-24 10:43:43', '2024-10-24 10:43:43'),
(1802, 34, 624, 3, '2021', 4, 255, 0, '2024-10-24 10:43:43', '2024-10-24 10:43:43'),
(1803, 34, 626, 3, '2021', 7, 2728, 0, '2024-10-24 10:43:43', '2024-10-24 10:43:43'),
(1804, 2, 29, 3, '2021', 1, 0, 0, '2024-10-24 10:43:43', '2024-10-24 10:43:43'),
(1805, 2, 26, 3, '2021', 1, 18, 0, '2024-10-24 10:43:43', '2024-10-24 10:43:43'),
(1806, 2, 31, 3, '2021', 1, 1, 0, '2024-10-24 10:43:43', '2024-10-24 10:43:43'),
(1807, 2, 21, 5, '2021', 1, 10, 0, '2024-10-24 10:43:43', '2024-10-24 10:43:43'),
(1808, 13, 267, 1, '2021', 1, 11, 0, '2024-10-24 10:43:43', '2024-10-24 10:43:43'),
(1809, 13, 269, 1, '2021', 1, 7, 0, '2024-10-24 10:43:43', '2024-10-24 10:43:43'),
(1810, 13, 285, 3, '2021', 4, 4828, 0, '2024-10-24 10:43:43', '2024-10-24 10:43:43'),
(1811, 13, 270, 3, '2021', 2, 1132, 0, '2024-10-24 10:43:43', '2024-10-24 10:43:43'),
(1812, 13, 284, 3, '2021', 1, 125, 0, '2024-10-24 10:43:43', '2024-10-24 10:43:43'),
(1813, 13, 278, 3, '2021', 1, 150, 0, '2024-10-24 10:43:43', '2024-10-24 10:43:43'),
(1814, 33, 621, 3, '2021', 2, 196, 0, '2024-10-24 10:43:43', '2024-10-24 10:43:43'),
(1815, 33, 620, 3, '2021', 1, 30, 0, '2024-10-24 10:43:43', '2024-10-24 10:43:43'),
(1816, 33, 622, 3, '2021', 1, 107, 0, '2024-10-24 10:43:43', '2024-10-24 10:43:43'),
(1817, 33, 623, 3, '2021', 1, 108, 0, '2024-10-24 10:43:43', '2024-10-24 10:43:43'),
(1818, 27, 567, 2, '2021', 1, 13, 0, '2024-10-24 10:43:43', '2024-10-24 10:43:43'),
(1819, 27, 557, 2, '2021', 1, 32, 1, '2024-10-24 10:43:43', '2024-10-24 10:43:43'),
(1820, 27, 557, 3, '2021', 1, 13, 0, '2024-10-24 10:43:43', '2024-10-24 10:43:43'),
(1821, 27, 558, 2, '2021', 1, 17, 0, '2024-10-24 10:43:43', '2024-10-24 10:43:43'),
(1822, 27, 561, 3, '2021', 1, 365, 0, '2024-10-24 10:43:43', '2024-10-24 10:43:43'),
(1823, 15, 327, 1, '2021', 2, 59, 0, '2024-10-24 10:43:43', '2024-10-24 10:43:43'),
(1824, 15, 329, 1, '2021', 1, 2, 0, '2024-10-24 10:43:43', '2024-10-24 10:43:43'),
(1825, 15, 120, 1, '2021', 2, 71, 0, '2024-10-24 10:43:43', '2024-10-24 10:43:43'),
(1826, 15, 326, 1, '2021', 1, 3, 0, '2024-10-24 10:43:43', '2024-10-24 10:43:43'),
(1827, 15, 326, 2, '2021', 1, 34, 0, '2024-10-24 10:43:43', '2024-10-24 10:43:43'),
(1828, 15, 321, 1, '2021', 2, 6, 0, '2024-10-24 10:43:43', '2024-10-24 10:43:43'),
(1829, 15, 318, 1, '2021', 1, 10, 0, '2024-10-24 10:43:43', '2024-10-24 10:43:43'),
(1830, 15, 324, 1, '2021', 2, 19, 0, '2024-10-24 10:43:43', '2024-10-24 10:43:43'),
(1831, 15, 324, 3, '2021', 1, 1233, 0, '2024-10-24 10:43:43', '2024-10-24 10:43:43'),
(1832, 15, 319, 1, '2021', 1, 16, 0, '2024-10-24 10:43:43', '2024-10-24 10:43:43'),
(1833, 15, 319, 3, '2021', 5, 2198, 0, '2024-10-24 10:43:43', '2024-10-24 10:43:43'),
(1834, 15, 325, 1, '2021', 1, 36, 0, '2024-10-24 10:43:43', '2024-10-24 10:43:43'),
(1835, 15, 322, 1, '2021', 3, 76, 0, '2024-10-24 10:43:43', '2024-10-24 10:43:43'),
(1836, 15, 320, 1, '2021', 1, 16, 0, '2024-10-24 10:43:43', '2024-10-24 10:43:43'),
(1837, 15, 320, 2, '2021', 1, 23, 0, '2024-10-24 10:43:43', '2024-10-24 10:43:43'),
(1838, 15, 320, 3, '2021', 2, 1354, 0, '2024-10-24 10:43:43', '2024-10-24 10:43:43'),
(1839, 15, 316, 1, '2021', 1, 1, 0, '2024-10-24 10:43:43', '2024-10-24 10:43:43'),
(1840, 15, 314, 1, '2021', 1, 13, 0, '2024-10-24 10:43:43', '2024-10-24 10:43:43'),
(1841, 15, 317, 1, '2021', 1, 157, 0, '2024-10-24 10:43:43', '2024-10-24 10:43:43'),
(1842, 12, 49, 7, '2021', 1, 4, 0, '2024-10-24 10:43:43', '2024-10-24 10:43:43'),
(1843, 12, 49, 3, '2021', 2, 179, 0, '2024-10-24 10:43:43', '2024-10-24 10:43:43'),
(1844, 12, 49, 1, '2021', 1, 22, 0, '2024-10-24 10:43:43', '2024-10-24 10:43:43'),
(1845, 12, 259, 1, '2021', 1, 112, 0, '2024-10-24 10:43:43', '2024-10-24 10:43:43'),
(1846, 12, 260, 1, '2021', 1, 28, 0, '2024-10-24 10:43:43', '2024-10-24 10:43:43'),
(1847, 12, 265, 3, '2021', 2, 128, 0, '2024-10-24 10:43:43', '2024-10-24 10:43:43'),
(1848, 12, 263, 3, '2021', 1, 112, 0, '2024-10-24 10:43:43', '2024-10-24 10:43:43'),
(1849, 12, 258, 4, '2021', 1, 1, 0, '2024-10-24 10:43:43', '2024-10-24 10:43:43'),
(1850, 29, 583, 1, '2021', 1, 17, 1, '2024-10-24 10:43:43', '2024-10-24 10:43:43'),
(1851, 29, 586, 1, '2021', 1, 35, 0, '2024-10-24 10:43:43', '2024-10-24 10:43:43'),
(1852, 29, 586, 2, '2021', 1, 22, 3, '2024-10-24 10:43:43', '2024-10-24 10:43:43'),
(1853, 29, 590, 3, '2021', 1, 1, 0, '2024-10-24 10:43:43', '2024-10-24 10:43:43'),
(1854, 29, 589, 3, '2021', 1, 60, 0, '2024-10-24 10:43:43', '2024-10-24 10:43:43'),
(1855, 23, 487, 1, '2021', 2, 11, 0, '2024-10-24 10:43:43', '2024-10-24 10:43:43'),
(1856, 23, 481, 1, '2021', 1, 12, 0, '2024-10-24 10:43:43', '2024-10-24 10:43:43'),
(1857, 23, 481, 3, '2021', 1, 251, 0, '2024-10-24 10:43:43', '2024-10-24 10:43:43'),
(1858, 23, 488, 2, '2021', 1, 35, 0, '2024-10-24 10:43:43', '2024-10-24 10:43:43'),
(1859, 23, 480, 3, '2021', 3, 715, 0, '2024-10-24 10:43:43', '2024-10-24 10:43:43'),
(1860, 23, 486, 3, '2021', 2, 160, 0, '2024-10-24 10:43:43', '2024-10-24 10:43:43'),
(1861, 23, 483, 3, '2021', 1, 12, 0, '2024-10-24 10:43:43', '2024-10-24 10:43:43'),
(1862, 23, 476, 3, '2021', 1, 2060, 0, '2024-10-24 10:43:43', '2024-10-24 10:43:43'),
(1863, 23, 485, 8, '2021', 1, 1, 0, '2024-10-24 10:43:43', '2024-10-24 10:43:43'),
(1864, 4, 56, 1, '2021', 2, 44, 0, '2024-10-24 10:43:43', '2024-10-24 10:43:43'),
(1865, 4, 57, 1, '2021', 1, 66, 0, '2024-10-24 10:43:43', '2024-10-24 10:43:43'),
(1866, 4, 66, 4, '2021', 2, 42, 0, '2024-10-24 10:43:43', '2024-10-24 10:43:43'),
(1867, 4, 67, 4, '2021', 1, 23, 0, '2024-10-24 10:43:43', '2024-10-24 10:43:43'),
(1868, 14, 294, 2, '2021', 1, 14, 0, '2024-10-24 10:43:43', '2024-10-24 10:43:43'),
(1869, 11, 235, 1, '2021', 1, 33, 0, '2024-10-24 10:43:42', '2024-10-24 10:43:42'),
(3942, 26, 546, 3, '2022', 4, 562, 0, '2024-11-25 17:55:09', '2024-11-25 17:55:09'),
(3943, 26, 546, 1, '2022', 3, 68, 3, '2024-11-25 17:55:09', '2024-11-25 17:55:09'),
(3944, 26, 540, 3, '2022', 5, 2765, 0, '2024-11-25 17:55:09', '2024-11-25 17:55:09'),
(3945, 26, 540, 4, '2022', 1, 1, 0, '2024-11-25 17:55:09', '2024-11-25 17:55:09'),
(3946, 26, 540, 8, '2022', 3, 4, 0, '2024-11-25 17:55:09', '2024-11-25 17:55:09'),
(3947, 26, 547, 1, '2022', 3, 1, 0, '2024-11-25 17:55:09', '2024-11-25 17:55:09'),
(3948, 26, 547, 4, '2022', 1, 1, 0, '2024-11-25 17:55:09', '2024-11-25 17:55:09'),
(3949, 26, 537, 1, '2022', 4, 2, 0, '2024-11-25 17:55:09', '2024-11-25 17:55:09'),
(3950, 26, 536, 1, '2022', 2, 2, 0, '2024-11-25 17:55:09', '2024-11-25 17:55:09'),
(3951, 26, 548, 3, '2022', 2, 2208, 0, '2024-11-25 17:55:09', '2024-11-25 17:55:09'),
(3952, 26, 548, 1, '2022', 1, 3, 0, '2024-11-25 17:55:09', '2024-11-25 17:55:09'),
(3953, 26, 549, 4, '2022', 2, 1, 0, '2024-11-25 17:55:09', '2024-11-25 17:55:09'),
(3954, 26, 550, 4, '2022', 2, 2, 0, '2024-11-25 17:55:09', '2024-11-25 17:55:09'),
(3955, 26, 543, 1, '2022', 2, 15, 0, '2024-11-25 17:55:09', '2024-11-25 17:55:09'),
(3956, 26, 543, 4, '2022', 1, 1, 0, '2024-11-25 17:55:09', '2024-11-25 17:55:09'),
(3957, 26, 545, 1, '2022', 2, 0, 0, '2024-11-25 17:55:09', '2024-11-25 17:55:09'),
(3958, 26, 542, 1, '2022', 1, 19, 0, '2024-11-25 17:55:09', '2024-11-25 17:55:09'),
(3959, 26, 542, 4, '2022', 1, 3, 0, '2024-11-25 17:55:09', '2024-11-25 17:55:09'),
(3960, 26, 541, 1, '2022', 1, 8, 0, '2024-11-25 17:55:09', '2024-11-25 17:55:09'),
(3961, 26, 552, 4, '2022', 1, 1, 0, '2024-11-25 17:55:09', '2024-11-25 17:55:09'),
(3962, 26, 551, 4, '2022', 1, 1, 0, '2024-11-25 17:55:09', '2024-11-25 17:55:09'),
(3963, 10, 212, 1, '2022', 3, 14, 0, '2024-11-25 17:55:09', '2024-11-25 17:55:09'),
(3964, 10, 212, 8, '2022', 2, 3, 0, '2024-11-25 17:55:09', '2024-11-25 17:55:09'),
(3965, 10, 210, 1, '2022', 1, 3, 0, '2024-11-25 17:55:09', '2024-11-25 17:55:09'),
(3966, 10, 210, 8, '2022', 1, 1, 0, '2024-11-25 17:55:09', '2024-11-25 17:55:09'),
(3967, 10, 210, 3, '2022', 1, 26, 0, '2024-11-25 17:55:09', '2024-11-25 17:55:09'),
(3968, 10, 210, 4, '2022', 1, 1, 0, '2024-11-25 17:55:09', '2024-11-25 17:55:09'),
(3969, 10, 224, 1, '2022', 2, 5, 0, '2024-11-25 17:55:09', '2024-11-25 17:55:09'),
(3970, 10, 224, 8, '2022', 2, 2, 0, '2024-11-25 17:55:09', '2024-11-25 17:55:09'),
(3971, 10, 224, 3, '2022', 3, 8, 0, '2024-11-25 17:55:09', '2024-11-25 17:55:09'),
(3972, 10, 224, 4, '2022', 1, 0, 0, '2024-11-25 17:55:09', '2024-11-25 17:55:09'),
(3973, 10, 211, 3, '2022', 14, 510, 0, '2024-11-25 17:55:09', '2024-11-25 17:55:09'),
(3974, 10, 211, 4, '2022', 3, 2, 0, '2024-11-25 17:55:09', '2024-11-25 17:55:09'),
(3975, 10, 211, 1, '2022', 3, 96, 0, '2024-11-25 17:55:09', '2024-11-25 17:55:09'),
(3976, 10, 208, 2, '2022', 1, 52, 0, '2024-11-25 17:55:10', '2024-11-25 17:55:10'),
(3977, 10, 208, 1, '2022', 1, 0, 0, '2024-11-25 17:55:10', '2024-11-25 17:55:10'),
(3978, 10, 222, 8, '2022', 8, 9, 0, '2024-11-25 17:55:10', '2024-11-25 17:55:10'),
(3979, 10, 222, 3, '2022', 5, 3016, 0, '2024-11-25 17:55:10', '2024-11-25 17:55:10'),
(3980, 10, 219, 1, '2022', 1, 13, 0, '2024-11-25 17:55:10', '2024-11-25 17:55:10'),
(3981, 10, 219, 3, '2022', 1, 0, 0, '2024-11-25 17:55:10', '2024-11-25 17:55:10'),
(3982, 10, 217, 1, '2022', 1, 3, 0, '2024-11-25 17:55:10', '2024-11-25 17:55:10'),
(3983, 10, 223, 1, '2022', 1, 0, 0, '2024-11-25 17:55:10', '2024-11-25 17:55:10'),
(3984, 10, 223, 8, '2022', 2, 2, 0, '2024-11-25 17:55:10', '2024-11-25 17:55:10'),
(3985, 10, 223, 4, '2022', 1, 1, 0, '2024-11-25 17:55:10', '2024-11-25 17:55:10'),
(3986, 10, 201, 3, '2022', 3, 162, 0, '2024-11-25 17:55:10', '2024-11-25 17:55:10'),
(3987, 10, 201, 2, '2022', 1, 25, 0, '2024-11-25 17:55:10', '2024-11-25 17:55:10'),
(3988, 10, 206, 3, '2022', 2, 20, 0, '2024-11-25 17:55:10', '2024-11-25 17:55:10'),
(3989, 10, 206, 8, '2022', 2, 4, 0, '2024-11-25 17:55:10', '2024-11-25 17:55:10'),
(3990, 10, 220, 4, '2022', 1, 1, 0, '2024-11-25 17:55:10', '2024-11-25 17:55:10'),
(3991, 10, 220, 8, '2022', 1, 1, 0, '2024-11-25 17:55:10', '2024-11-25 17:55:10'),
(3992, 10, 215, 8, '2022', 1, 1, 0, '2024-11-25 17:55:10', '2024-11-25 17:55:10'),
(3993, 10, 218, 1, '2022', 1, 3, 3, '2024-11-25 17:55:10', '2024-11-25 17:55:10'),
(3994, 10, 213, 8, '2022', 1, 1, 0, '2024-11-25 17:55:10', '2024-11-25 17:55:10'),
(3995, 10, 221, 4, '2022', 1, 0, 0, '2024-11-25 17:55:10', '2024-11-25 17:55:10'),
(3996, 10, 207, 1, '2022', 1, 13, 0, '2024-11-25 17:55:10', '2024-11-25 17:55:10'),
(3997, 10, 207, 8, '2022', 1, 1, 0, '2024-11-25 17:55:10', '2024-11-25 17:55:10'),
(3998, 10, 225, 8, '2022', 1, 1, 0, '2024-11-25 17:55:10', '2024-11-25 17:55:10'),
(3999, 10, 225, 2, '2022', 1, 21, 0, '2024-11-25 17:55:10', '2024-11-25 17:55:10'),
(4000, 10, 209, 3, '2022', 1, 1, 0, '2024-11-25 17:55:10', '2024-11-25 17:55:10'),
(4001, 10, 202, 3, '2022', 1, 172, 0, '2024-11-25 17:55:10', '2024-11-25 17:55:10'),
(4002, 10, 203, 3, '2022', 1, 11, 0, '2024-11-25 17:55:10', '2024-11-25 17:55:10'),
(4003, 10, 214, 1, '2022', 1, 5, 0, '2024-11-25 17:55:10', '2024-11-25 17:55:10'),
(4004, 38, 667, 1, '2022', 5, 7, 0, '2024-11-25 17:55:10', '2024-11-25 17:55:10'),
(4005, 38, 667, 4, '2022', 44, 35, 1, '2024-11-25 17:55:10', '2024-11-25 17:55:10'),
(4006, 38, 667, 8, '2022', 4, 4, 0, '2024-11-25 17:55:10', '2024-11-25 17:55:10'),
(4007, 38, 667, 3, '2022', 9, 38, 0, '2024-11-25 17:55:10', '2024-11-25 17:55:10'),
(4008, 38, 667, 5, '2022', 2, 2, 0, '2024-11-25 17:55:10', '2024-11-25 17:55:10'),
(4009, 38, 665, 1, '2022', 14, 51, 1, '2024-11-25 17:55:10', '2024-11-25 17:55:10'),
(4010, 38, 665, 4, '2022', 28, 17, 0, '2024-11-25 17:55:10', '2024-11-25 17:55:10'),
(4011, 38, 665, 8, '2022', 2, 2, 0, '2024-11-25 17:55:10', '2024-11-25 17:55:10'),
(4012, 38, 665, 3, '2022', 1, 5, 0, '2024-11-25 17:55:10', '2024-11-25 17:55:10'),
(4013, 38, 666, 1, '2022', 3, 4, 0, '2024-11-25 17:55:10', '2024-11-25 17:55:10'),
(4014, 38, 666, 4, '2022', 9, 13, 0, '2024-11-25 17:55:10', '2024-11-25 17:55:10'),
(4015, 38, 666, 3, '2022', 1, 1, 0, '2024-11-25 17:55:10', '2024-11-25 17:55:10'),
(4016, 38, 666, 8, '2022', 1, 1, 0, '2024-11-25 17:55:10', '2024-11-25 17:55:10'),
(4017, 5, 75, 4, '2022', 1, 2, 0, '2024-11-25 17:55:10', '2024-11-25 17:55:10'),
(4018, 5, 75, 1, '2022', 6, 31, 0, '2024-11-25 17:55:10', '2024-11-25 17:55:10'),
(4019, 5, 75, 3, '2022', 2, 13, 0, '2024-11-25 17:55:10', '2024-11-25 17:55:10'),
(4020, 5, 84, 1, '2022', 4, 95, 0, '2024-11-25 17:55:10', '2024-11-25 17:55:10'),
(4021, 5, 84, 3, '2022', 1, 10, 0, '2024-11-25 17:55:10', '2024-11-25 17:55:10'),
(4022, 5, 84, 4, '2022', 1, 1, 0, '2024-11-25 17:55:10', '2024-11-25 17:55:10'),
(4023, 5, 71, 8, '2022', 1, 1, 0, '2024-11-25 17:55:10', '2024-11-25 17:55:10'),
(4024, 5, 71, 1, '2022', 1, 2, 1, '2024-11-25 17:55:10', '2024-11-25 17:55:10'),
(4025, 5, 71, 3, '2022', 1, 17, 0, '2024-11-25 17:55:10', '2024-11-25 17:55:10'),
(4026, 5, 71, 5, '2022', 1, 121, 0, '2024-11-25 17:55:10', '2024-11-25 17:55:10'),
(4027, 5, 82, 4, '2022', 12, 24, 0, '2024-11-25 17:55:10', '2024-11-25 17:55:10'),
(4028, 5, 82, 3, '2022', 1, 0, 0, '2024-11-25 17:55:10', '2024-11-25 17:55:10'),
(4029, 5, 82, 1, '2022', 1, 2, 0, '2024-11-25 17:55:10', '2024-11-25 17:55:10'),
(4030, 5, 74, 1, '2022', 2, 19, 0, '2024-11-25 17:55:10', '2024-11-25 17:55:10'),
(4031, 5, 74, 3, '2022', 1, 79, 0, '2024-11-25 17:55:10', '2024-11-25 17:55:10'),
(4032, 5, 74, 5, '2022', 1, 17, 0, '2024-11-25 17:55:10', '2024-11-25 17:55:10'),
(4033, 5, 88, 1, '2022', 4, 47, 0, '2024-11-25 17:55:10', '2024-11-25 17:55:10'),
(4034, 5, 88, 3, '2022', 1, 28, 0, '2024-11-25 17:55:10', '2024-11-25 17:55:10'),
(4035, 5, 76, 1, '2022', 3, 5, 0, '2024-11-25 17:55:10', '2024-11-25 17:55:10'),
(4036, 5, 76, 8, '2022', 1, 1, 0, '2024-11-25 17:55:10', '2024-11-25 17:55:10'),
(4037, 5, 80, 4, '2022', 5, 3, 0, '2024-11-25 17:55:10', '2024-11-25 17:55:10'),
(4038, 5, 80, 1, '2022', 1, 2, 0, '2024-11-25 17:55:10', '2024-11-25 17:55:10'),
(4039, 5, 81, 4, '2022', 2, 2, 0, '2024-11-25 17:55:10', '2024-11-25 17:55:10'),
(4040, 5, 81, 8, '2022', 1, 1, 0, '2024-11-25 17:55:10', '2024-11-25 17:55:10'),
(4041, 5, 81, 1, '2022', 4, 0, 0, '2024-11-25 17:55:10', '2024-11-25 17:55:10'),
(4042, 5, 68, 4, '2022', 2, 0, 0, '2024-11-25 17:55:10', '2024-11-25 17:55:10'),
(4043, 5, 83, 4, '2022', 1, 2, 0, '2024-11-25 17:55:10', '2024-11-25 17:55:10'),
(4044, 5, 83, 1, '2022', 3, 7, 0, '2024-11-25 17:55:10', '2024-11-25 17:55:10'),
(4045, 5, 72, 1, '2022', 1, 0, 0, '2024-11-25 17:55:10', '2024-11-25 17:55:10'),
(4046, 5, 72, 3, '2022', 2, 34, 0, '2024-11-25 17:55:10', '2024-11-25 17:55:10'),
(4047, 5, 72, 5, '2022', 1, 41, 0, '2024-11-25 17:55:10', '2024-11-25 17:55:10'),
(4048, 5, 72, 4, '2022', 2, 3, 0, '2024-11-25 17:55:10', '2024-11-25 17:55:10'),
(4049, 5, 70, 3, '2022', 2, 88, 0, '2024-11-25 17:55:10', '2024-11-25 17:55:10'),
(4050, 5, 70, 1, '2022', 1, 1, 0, '2024-11-25 17:55:10', '2024-11-25 17:55:10'),
(4051, 5, 70, 4, '2022', 1, 0, 0, '2024-11-25 17:55:10', '2024-11-25 17:55:10'),
(4052, 5, 70, 5, '2022', 1, 44, 0, '2024-11-25 17:55:10', '2024-11-25 17:55:10'),
(4053, 5, 86, 1, '2022', 5, 46, 0, '2024-11-25 17:55:10', '2024-11-25 17:55:10'),
(4054, 5, 78, 1, '2022', 2, 1, 0, '2024-11-25 17:55:10', '2024-11-25 17:55:10'),
(4055, 5, 78, 3, '2022', 1, 1, 0, '2024-11-25 17:55:10', '2024-11-25 17:55:10'),
(4056, 5, 78, 8, '2022', 1, 1, 0, '2024-11-25 17:55:10', '2024-11-25 17:55:10'),
(4057, 5, 78, 4, '2022', 1, 1, 0, '2024-11-25 17:55:10', '2024-11-25 17:55:10'),
(4058, 5, 79, 1, '2022', 2, 2, 0, '2024-11-25 17:55:10', '2024-11-25 17:55:10'),
(4059, 5, 79, 4, '2022', 4, 0, 0, '2024-11-25 17:55:10', '2024-11-25 17:55:10'),
(4060, 5, 69, 4, '2022', 2, 1, 0, '2024-11-25 17:55:10', '2024-11-25 17:55:10'),
(4061, 5, 69, 3, '2022', 1, 421, 0, '2024-11-25 17:55:10', '2024-11-25 17:55:10'),
(4062, 5, 73, 3, '2022', 1, 1095, 0, '2024-11-25 17:55:10', '2024-11-25 17:55:10'),
(4063, 5, 73, 4, '2022', 1, 0, 0, '2024-11-25 17:55:10', '2024-11-25 17:55:10'),
(4064, 5, 73, 5, '2022', 1, 9, 0, '2024-11-25 17:55:10', '2024-11-25 17:55:10'),
(4065, 5, 73, 1, '2022', 1, 14, 0, '2024-11-25 17:55:10', '2024-11-25 17:55:10'),
(4066, 5, 85, 1, '2022', 1, 9, 0, '2024-11-25 17:55:10', '2024-11-25 17:55:10'),
(4067, 5, 87, 1, '2022', 1, 16, 0, '2024-11-25 17:55:10', '2024-11-25 17:55:10'),
(4068, 31, 612, 1, '2022', 8, 5, 0, '2024-11-25 17:55:10', '2024-11-25 17:55:10'),
(4069, 31, 612, 3, '2022', 1, 0, 0, '2024-11-25 17:55:10', '2024-11-25 17:55:10'),
(4070, 31, 612, 8, '2022', 1, 1, 0, '2024-11-25 17:55:10', '2024-11-25 17:55:10'),
(4071, 31, 612, 4, '2022', 3, 3, 0, '2024-11-25 17:55:10', '2024-11-25 17:55:10'),
(4072, 31, 611, 1, '2022', 4, 1, 0, '2024-11-25 17:55:10', '2024-11-25 17:55:10'),
(4073, 31, 611, 8, '2022', 1, 1, 0, '2024-11-25 17:55:10', '2024-11-25 17:55:10'),
(4074, 31, 611, 3, '2022', 2, 0, 0, '2024-11-25 17:55:10', '2024-11-25 17:55:10'),
(4075, 31, 611, 4, '2022', 2, 3, 0, '2024-11-25 17:55:10', '2024-11-25 17:55:10'),
(4076, 31, 611, 1, '2022', 1, 0, 0, '2024-11-25 17:55:10', '2024-11-25 17:55:10'),
(4077, 31, 613, 1, '2022', 7, 8, 0, '2024-11-25 17:55:10', '2024-11-25 17:55:10'),
(4078, 31, 613, 3, '2022', 3, 3, 0, '2024-11-25 17:55:10', '2024-11-25 17:55:10'),
(4079, 22, 444, 1, '2022', 2, 31, 0, '2024-11-25 17:55:10', '2024-11-25 17:55:10'),
(4080, 22, 444, 4, '2022', 2, 2, 0, '2024-11-25 17:55:10', '2024-11-25 17:55:10'),
(4081, 22, 444, 3, '2022', 1, 37, 0, '2024-11-25 17:55:10', '2024-11-25 17:55:10'),
(4082, 22, 455, 4, '2022', 1, 1, 0, '2024-11-25 17:55:10', '2024-11-25 17:55:10'),
(4083, 22, 455, 3, '2022', 2, 22, 0, '2024-11-25 17:55:10', '2024-11-25 17:55:10'),
(4084, 22, 455, 1, '2022', 1, 3, 0, '2024-11-25 17:55:10', '2024-11-25 17:55:10'),
(4085, 22, 446, 1, '2022', 1, 1, 0, '2024-11-25 17:55:10', '2024-11-25 17:55:10'),
(4086, 22, 449, 3, '2022', 2, 116, 0, '2024-11-25 17:55:10', '2024-11-25 17:55:10'),
(4087, 22, 449, 1, '2022', 1, 0, 0, '2024-11-25 17:55:10', '2024-11-25 17:55:10'),
(4088, 22, 459, 3, '2022', 3, 1258, 0, '2024-11-25 17:55:10', '2024-11-25 17:55:10'),
(4089, 22, 447, 4, '2022', 1, 1, 0, '2024-11-25 17:55:10', '2024-11-25 17:55:10'),
(4090, 22, 447, 3, '2022', 1, 116, 0, '2024-11-25 17:55:10', '2024-11-25 17:55:10'),
(4091, 22, 462, 1, '2022', 2, 1, 0, '2024-11-25 17:55:10', '2024-11-25 17:55:10'),
(4092, 22, 462, 4, '2022', 1, 1, 0, '2024-11-25 17:55:10', '2024-11-25 17:55:10'),
(4093, 22, 462, 3, '2022', 1, 832, 0, '2024-11-25 17:55:10', '2024-11-25 17:55:10'),
(4094, 22, 467, 4, '2022', 1, 1, 0, '2024-11-25 17:55:10', '2024-11-25 17:55:10'),
(4095, 22, 467, 8, '2022', 1, 1, 0, '2024-11-25 17:55:10', '2024-11-25 17:55:10'),
(4096, 22, 457, 8, '2022', 2, 29, 0, '2024-11-25 17:55:10', '2024-11-25 17:55:10'),
(4097, 22, 457, 1, '2022', 1, 1, 0, '2024-11-25 17:55:10', '2024-11-25 17:55:10'),
(4098, 22, 457, 3, '2022', 1, 92, 1, '2024-11-25 17:55:10', '2024-11-25 17:55:10'),
(4099, 22, 460, 8, '2022', 1, 6, 0, '2024-11-25 17:55:10', '2024-11-25 17:55:10'),
(4100, 22, 460, 3, '2022', 3, 51, 0, '2024-11-25 17:55:10', '2024-11-25 17:55:10'),
(4101, 22, 460, 4, '2022', 2, 1, 0, '2024-11-25 17:55:10', '2024-11-25 17:55:10'),
(4102, 22, 460, 1, '2022', 3, 5, 0, '2024-11-25 17:55:10', '2024-11-25 17:55:10'),
(4103, 22, 465, 3, '2022', 1, 1, 0, '2024-11-25 17:55:10', '2024-11-25 17:55:10'),
(4104, 22, 465, 8, '2022', 1, 1, 0, '2024-11-25 17:55:10', '2024-11-25 17:55:10'),
(4105, 22, 469, 8, '2022', 1, 2, 0, '2024-11-25 17:55:10', '2024-11-25 17:55:10'),
(4106, 22, 450, 8, '2022', 1, 1, 0, '2024-11-25 17:55:10', '2024-11-25 17:55:10'),
(4107, 22, 450, 3, '2022', 1, 0, 0, '2024-11-25 17:55:10', '2024-11-25 17:55:10'),
(4108, 22, 463, 8, '2022', 1, 2, 0, '2024-11-25 17:55:10', '2024-11-25 17:55:10'),
(4109, 22, 463, 1, '2022', 1, 2, 0, '2024-11-25 17:55:10', '2024-11-25 17:55:10'),
(4110, 22, 466, 8, '2022', 1, 1, 0, '2024-11-25 17:55:10', '2024-11-25 17:55:10'),
(4111, 22, 445, 8, '2022', 1, 1, 0, '2024-11-25 17:55:10', '2024-11-25 17:55:10'),
(4112, 22, 445, 1, '2022', 1, 3, 0, '2024-11-25 17:55:10', '2024-11-25 17:55:10'),
(4113, 22, 445, 3, '2022', 1, 1, 0, '2024-11-25 17:55:10', '2024-11-25 17:55:10'),
(4114, 22, 461, 8, '2022', 1, 1, 0, '2024-11-25 17:55:10', '2024-11-25 17:55:10'),
(4115, 22, 461, 3, '2022', 1, 51, 0, '2024-11-25 17:55:10', '2024-11-25 17:55:10'),
(4116, 22, 454, 3, '2022', 1, 1, 0, '2024-11-25 17:55:10', '2024-11-25 17:55:10'),
(4117, 22, 458, 3, '2022', 1, 10, 0, '2024-11-25 17:55:10', '2024-11-25 17:55:10'),
(4118, 11, 240, 4, '2022', 1, 1, 0, '2024-11-25 17:55:10', '2024-11-25 17:55:10'),
(4119, 11, 246, 4, '2022', 2, 0, 0, '2024-11-25 17:55:10', '2024-11-25 17:55:10'),
(4120, 11, 246, 1, '2022', 2, 16, 0, '2024-11-25 17:55:10', '2024-11-25 17:55:10'),
(4121, 11, 231, 3, '2022', 1, 2, 0, '2024-11-25 17:55:10', '2024-11-25 17:55:10'),
(4122, 11, 231, 1, '2022', 2, 5, 0, '2024-11-25 17:55:10', '2024-11-25 17:55:10'),
(4123, 11, 245, 4, '2022', 3, 0, 0, '2024-11-25 17:55:10', '2024-11-25 17:55:10'),
(4124, 11, 245, 8, '2022', 1, 1, 0, '2024-11-25 17:55:10', '2024-11-25 17:55:10'),
(4125, 11, 241, 1, '2022', 3, 22, 0, '2024-11-25 17:55:10', '2024-11-25 17:55:10'),
(4126, 11, 241, 4, '2022', 1, 0, 0, '2024-11-25 17:55:10', '2024-11-25 17:55:10'),
(4127, 11, 226, 3, '2022', 1, 0, 0, '2024-11-25 17:55:10', '2024-11-25 17:55:10'),
(4128, 11, 226, 1, '2022', 2, 0, 0, '2024-11-25 17:55:10', '2024-11-25 17:55:10'),
(4129, 11, 226, 8, '2022', 1, 1, 0, '2024-11-25 17:55:10', '2024-11-25 17:55:10'),
(4130, 11, 244, 4, '2022', 2, 0, 0, '2024-11-25 17:55:10', '2024-11-25 17:55:10'),
(4131, 11, 230, 1, '2022', 5, 20, 0, '2024-11-25 17:55:10', '2024-11-25 17:55:10'),
(4132, 11, 240, 1, '2022', 1, 43, 0, '2024-11-25 17:55:10', '2024-11-25 17:55:10'),
(4133, 11, 240, 4, '2022', 3, 0, 0, '2024-11-25 17:55:10', '2024-11-25 17:55:10'),
(4134, 11, 244, 4, '2022', 3, 4, 0, '2024-11-25 17:55:10', '2024-11-25 17:55:10'),
(4135, 11, 244, 1, '2022', 1, 6, 0, '2024-11-25 17:55:10', '2024-11-25 17:55:10'),
(4136, 11, 239, 1, '2022', 3, 1, 0, '2024-11-25 17:55:10', '2024-11-25 17:55:10'),
(4137, 11, 238, 4, '2022', 1, 0, 0, '2024-11-25 17:55:10', '2024-11-25 17:55:10'),
(4138, 11, 238, 8, '2022', 1, 1, 0, '2024-11-25 17:55:10', '2024-11-25 17:55:10'),
(4139, 11, 238, 1, '2022', 1, 1, 0, '2024-11-25 17:55:10', '2024-11-25 17:55:10'),
(4140, 11, 236, 1, '2022', 4, 7, 1, '2024-11-25 17:55:10', '2024-11-25 17:55:10'),
(4141, 11, 236, 3, '2022', 1, 0, 0, '2024-11-25 17:55:10', '2024-11-25 17:55:10'),
(4142, 11, 236, 4, '2022', 1, 1, 0, '2024-11-25 17:55:10', '2024-11-25 17:55:10'),
(4143, 11, 242, 1, '2022', 2, 20, 4, '2024-11-25 17:55:10', '2024-11-25 17:55:10'),
(4144, 11, 237, 1, '2022', 5, 12, 1, '2024-11-25 17:55:10', '2024-11-25 17:55:10'),
(4145, 11, 237, 4, '2022', 2, 8, 0, '2024-11-25 17:55:10', '2024-11-25 17:55:10'),
(4146, 11, 233, 1, '2022', 2, 45, 0, '2024-11-25 17:55:10', '2024-11-25 17:55:10'),
(4147, 11, 234, 1, '2022', 1, 0, 0, '2024-11-25 17:55:10', '2024-11-25 17:55:10'),
(4148, 11, 227, 1, '2022', 1, 142, 1, '2024-11-25 17:55:10', '2024-11-25 17:55:10'),
(4149, 25, 525, 1, '2022', 3, 11, 0, '2024-11-25 17:55:10', '2024-11-25 17:55:10'),
(4150, 25, 533, 2, '2022', 1, 8, 0, '2024-11-25 17:55:10', '2024-11-25 17:55:10'),
(4151, 25, 533, 3, '2022', 1, 0, 0, '2024-11-25 17:55:10', '2024-11-25 17:55:10'),
(4152, 25, 533, 1, '2022', 1, 0, 0, '2024-11-25 17:55:10', '2024-11-25 17:55:10'),
(4153, 25, 529, 3, '2022', 3, 7, 0, '2024-11-25 17:55:10', '2024-11-25 17:55:10'),
(4154, 25, 529, 1, '2022', 1, 2, 0, '2024-11-25 17:55:10', '2024-11-25 17:55:10'),
(4155, 25, 519, 3, '2022', 4, 2341, 0, '2024-11-25 17:55:10', '2024-11-25 17:55:10'),
(4156, 25, 519, 1, '2022', 2, 61, 0, '2024-11-25 17:55:10', '2024-11-25 17:55:10'),
(4157, 25, 524, 3, '2022', 4, 95, 0, '2024-11-25 17:55:10', '2024-11-25 17:55:10'),
(4158, 25, 524, 1, '2022', 1, 15, 0, '2024-11-25 17:55:10', '2024-11-25 17:55:10'),
(4159, 25, 523, 3, '2022', 2, 278, 0, '2024-11-25 17:55:10', '2024-11-25 17:55:10'),
(4160, 25, 523, 2, '2022', 1, 28, 0, '2024-11-25 17:55:10', '2024-11-25 17:55:10'),
(4161, 25, 523, 1, '2022', 1, 1, 0, '2024-11-25 17:55:10', '2024-11-25 17:55:10'),
(4162, 25, 522, 3, '2022', 1, 37, 0, '2024-11-25 17:55:10', '2024-11-25 17:55:10'),
(4163, 25, 522, 1, '2022', 1, 0, 0, '2024-11-25 17:55:10', '2024-11-25 17:55:10'),
(4164, 25, 520, 3, '2022', 1, 89, 0, '2024-11-25 17:55:10', '2024-11-25 17:55:10'),
(4165, 25, 520, 1, '2022', 1, 1, 0, '2024-11-25 17:55:10', '2024-11-25 17:55:10'),
(4166, 25, 527, 1, '2022', 1, 0, 0, '2024-11-25 17:55:10', '2024-11-25 17:55:10'),
(4167, 25, 526, 3, '2022', 3, 146, 0, '2024-11-25 17:55:10', '2024-11-25 17:55:10'),
(4168, 25, 526, 1, '2022', 1, 0, 0, '2024-11-25 17:55:10', '2024-11-25 17:55:10'),
(4169, 25, 528, 3, '2022', 3, 357, 0, '2024-11-25 17:55:10', '2024-11-25 17:55:10'),
(4170, 25, 528, 1, '2022', 1, 4, 0, '2024-11-25 17:55:10', '2024-11-25 17:55:10'),
(4171, 25, 532, 3, '2022', 1, 169, 0, '2024-11-25 17:55:10', '2024-11-25 17:55:10'),
(4172, 25, 530, 3, '2022', 1, 308, 0, '2024-11-25 17:55:10', '2024-11-25 17:55:10'),
(4173, 25, 534, 1, '2022', 1, 2, 0, '2024-11-25 17:55:10', '2024-11-25 17:55:10'),
(4174, 25, 534, 3, '2022', 2, 751, 0, '2024-11-25 17:55:10', '2024-11-25 17:55:10'),
(4175, 25, 518, 3, '2022', 2, 268, 0, '2024-11-25 17:55:10', '2024-11-25 17:55:10'),
(4176, 9, 198, 3, '2022', 5, 591, 2, '2024-11-25 17:55:10', '2024-11-25 17:55:10'),
(4177, 9, 181, 3, '2022', 2, 131, 1, '2024-11-25 17:55:10', '2024-11-25 17:55:10'),
(4178, 9, 171, 3, '2022', 1, 127, 0, '2024-11-25 17:55:10', '2024-11-25 17:55:10'),
(4179, 9, 171, 1, '2022', 1, 0, 0, '2024-11-25 17:55:10', '2024-11-25 17:55:10'),
(4180, 9, 183, 3, '2022', 1, 4, 0, '2024-11-25 17:55:10', '2024-11-25 17:55:10'),
(4181, 9, 184, 3, '2022', 2, 732, 0, '2024-11-25 17:55:10', '2024-11-25 17:55:10'),
(4182, 9, 176, 4, '2022', 2, 3, 0, '2024-11-25 17:55:10', '2024-11-25 17:55:10'),
(4183, 9, 191, 1, '2022', 2, 33, 0, '2024-11-25 17:55:10', '2024-11-25 17:55:10'),
(4184, 9, 191, 5, '2022', 1, 6, 0, '2024-11-25 17:55:10', '2024-11-25 17:55:10'),
(4185, 9, 200, 1, '2022', 4, 14, 0, '2024-11-25 17:55:10', '2024-11-25 17:55:10'),
(4186, 9, 200, 3, '2022', 3, 50, 0, '2024-11-25 17:55:10', '2024-11-25 17:55:10'),
(4187, 9, 200, 4, '2022', 1, 0, 0, '2024-11-25 17:55:10', '2024-11-25 17:55:10'),
(4188, 9, 193, 1, '2022', 2, 7, 0, '2024-11-25 17:55:10', '2024-11-25 17:55:10'),
(4189, 9, 193, 3, '2022', 2, 22, 0, '2024-11-25 17:55:10', '2024-11-25 17:55:10'),
(4190, 9, 189, 3, '2022', 2, 259, 0, '2024-11-25 17:55:10', '2024-11-25 17:55:10'),
(4191, 9, 188, 3, '2022', 1, 29, 0, '2024-11-25 17:55:10', '2024-11-25 17:55:10'),
(4192, 9, 188, 1, '2022', 2, 3, 1, '2024-11-25 17:55:10', '2024-11-25 17:55:10'),
(4193, 9, 190, 3, '2022', 1, 42, 0, '2024-11-25 17:55:10', '2024-11-25 17:55:10'),
(4194, 9, 199, 1, '2022', 2, 1, 0, '2024-11-25 17:55:10', '2024-11-25 17:55:10'),
(4195, 9, 177, 3, '2022', 1, 32, 0, '2024-11-25 17:55:10', '2024-11-25 17:55:10'),
(4196, 9, 192, 3, '2022', 2, 2, 0, '2024-11-25 17:55:10', '2024-11-25 17:55:10'),
(4197, 9, 192, 1, '2022', 1, 1, 0, '2024-11-25 17:55:10', '2024-11-25 17:55:10'),
(4198, 9, 194, 4, '2022', 1, 1, 0, '2024-11-25 17:55:10', '2024-11-25 17:55:10'),
(4199, 9, 186, 4, '2022', 1, 4, 0, '2024-11-25 17:55:10', '2024-11-25 17:55:10'),
(4200, 9, 186, 3, '2022', 1, 937, 0, '2024-11-25 17:55:10', '2024-11-25 17:55:10'),
(4201, 9, 196, 3, '2022', 1, 2, 0, '2024-11-25 17:55:10', '2024-11-25 17:55:10'),
(4202, 9, 172, 3, '2022', 1, 5, 0, '2024-11-25 17:55:10', '2024-11-25 17:55:10'),
(4203, 9, 179, 3, '2022', 1, 6, 0, '2024-11-25 17:55:10', '2024-11-25 17:55:10'),
(4204, 17, 363, 1, '2022', 2, 45, 0, '2024-11-25 17:55:10', '2024-11-25 17:55:10'),
(4205, 17, 364, 3, '2022', 3, 137, 0, '2024-11-25 17:55:10', '2024-11-25 17:55:10'),
(4206, 17, 364, 1, '2022', 1, 1, 0, '2024-11-25 17:55:10', '2024-11-25 17:55:10'),
(4207, 17, 364, 8, '2022', 1, 1, 0, '2024-11-25 17:55:10', '2024-11-25 17:55:10'),
(4208, 17, 370, 1, '2022', 1, 13, 0, '2024-11-25 17:55:10', '2024-11-25 17:55:10'),
(4209, 17, 370, 3, '2022', 1, 80, 0, '2024-11-25 17:55:10', '2024-11-25 17:55:10'),
(4210, 17, 370, 8, '2022', 2, 7, 0, '2024-11-25 17:55:10', '2024-11-25 17:55:10'),
(4211, 17, 358, 3, '2022', 4, 1818, 0, '2024-11-25 17:55:10', '2024-11-25 17:55:10'),
(4212, 17, 358, 1, '2022', 1, 1, 0, '2024-11-25 17:55:10', '2024-11-25 17:55:10'),
(4213, 17, 358, 8, '2022', 5, 4, 0, '2024-11-25 17:55:10', '2024-11-25 17:55:10'),
(4214, 17, 359, 1, '2022', 2, 5, 0, '2024-11-25 17:55:10', '2024-11-25 17:55:10'),
(4215, 17, 359, 3, '2022', 3, 2236, 0, '2024-11-25 17:55:10', '2024-11-25 17:55:10'),
(4216, 17, 361, 3, '2022', 2, 38, 0, '2024-11-25 17:55:10', '2024-11-25 17:55:10'),
(4217, 17, 361, 8, '2022', 1, 1, 0, '2024-11-25 17:55:10', '2024-11-25 17:55:10'),
(4218, 17, 361, 1, '2022', 2, 8, 0, '2024-11-25 17:55:10', '2024-11-25 17:55:10'),
(4219, 17, 365, 3, '2022', 1, 10, 0, '2024-11-25 17:55:10', '2024-11-25 17:55:10'),
(4220, 17, 365, 1, '2022', 1, 3, 0, '2024-11-25 17:55:10', '2024-11-25 17:55:10'),
(4221, 17, 357, 4, '2022', 3, 5, 0, '2024-11-25 17:55:10', '2024-11-25 17:55:10'),
(4222, 17, 351, 1, '2022', 2, 26, 0, '2024-11-25 17:55:10', '2024-11-25 17:55:10'),
(4223, 17, 369, 4, '2022', 1, 2, 0, '2024-11-25 17:55:10', '2024-11-25 17:55:10'),
(4224, 17, 354, 8, '2022', 3, 2, 1, '2024-11-25 17:55:10', '2024-11-25 17:55:10'),
(4225, 17, 368, 1, '2022', 2, 2, 0, '2024-11-25 17:55:10', '2024-11-25 17:55:10'),
(4226, 17, 368, 3, '2022', 1, 430, 0, '2024-11-25 17:55:10', '2024-11-25 17:55:10'),
(4227, 17, 353, 1, '2022', 2, 2, 0, '2024-11-25 17:55:10', '2024-11-25 17:55:10'),
(4228, 17, 353, 8, '2022', 3, 3, 0, '2024-11-25 17:55:10', '2024-11-25 17:55:10'),
(4229, 17, 360, 1, '2022', 2, 5, 0, '2024-11-25 17:55:10', '2024-11-25 17:55:10'),
(4230, 17, 360, 3, '2022', 1, 80, 0, '2024-11-25 17:55:10', '2024-11-25 17:55:10'),
(4231, 17, 362, 1, '2022', 7, 18, 1, '2024-11-25 17:55:10', '2024-11-25 17:55:10'),
(4232, 17, 362, 8, '2022', 3, 3, 0, '2024-11-25 17:55:10', '2024-11-25 17:55:10'),
(4233, 17, 352, 8, '2022', 1, 1, 0, '2024-11-25 17:55:10', '2024-11-25 17:55:10'),
(4234, 17, 355, 1, '2022', 1, 1, 0, '2024-11-25 17:55:10', '2024-11-25 17:55:10'),
(4235, 6, 90, 4, '2022', 7, 9, 0, '2024-11-25 17:55:10', '2024-11-25 17:55:10'),
(4236, 6, 103, 3, '2022', 1, 0, 0, '2024-11-25 17:55:10', '2024-11-25 17:55:10'),
(4237, 6, 103, 1, '2022', 2, 5, 0, '2024-11-25 17:55:10', '2024-11-25 17:55:10'),
(4238, 6, 103, 4, '2022', 1, 1, 0, '2024-11-25 17:55:10', '2024-11-25 17:55:10'),
(4239, 6, 104, 3, '2022', 1, 0, 0, '2024-11-25 17:55:10', '2024-11-25 17:55:10'),
(4240, 6, 104, 1, '2022', 1, 1, 0, '2024-11-25 17:55:10', '2024-11-25 17:55:10'),
(4241, 6, 114, 4, '2022', 1, 2, 0, '2024-11-25 17:55:10', '2024-11-25 17:55:10'),
(4242, 6, 100, 1, '2022', 1, 1, 3, '2024-11-25 17:55:11', '2024-11-25 17:55:11'),
(4243, 6, 91, 4, '2022', 1, 1, 0, '2024-11-25 17:55:11', '2024-11-25 17:55:11'),
(4244, 6, 110, 1, '2022', 1, 0, 0, '2024-11-25 17:55:11', '2024-11-25 17:55:11'),
(4245, 6, 112, 1, '2022', 1, 3, 0, '2024-11-25 17:55:11', '2024-11-25 17:55:11'),
(4246, 6, 112, 3, '2022', 1, 0, 0, '2024-11-25 17:55:11', '2024-11-25 17:55:11'),
(4247, 6, 101, 1, '2022', 1, 0, 0, '2024-11-25 17:55:11', '2024-11-25 17:55:11'),
(4248, 6, 92, 8, '2022', 1, 35, 0, '2024-11-25 17:55:11', '2024-11-25 17:55:11'),
(4249, 6, 107, 1, '2022', 1, 1, 0, '2024-11-25 17:55:11', '2024-11-25 17:55:11'),
(4250, 6, 108, 1, '2022', 1, 1, 0, '2024-11-25 17:55:11', '2024-11-25 17:55:11'),
(4251, 6, 109, 1, '2022', 1, 0, 0, '2024-11-25 17:55:11', '2024-11-25 17:55:11'),
(4252, 6, 93, 3, '2022', 1, 120, 0, '2024-11-25 17:55:11', '2024-11-25 17:55:11'),
(4253, 6, 98, 1, '2022', 1, 4, 0, '2024-11-25 17:55:11', '2024-11-25 17:55:11'),
(4254, 6, 115, 3, '2022', 1, 12, 0, '2024-11-25 17:55:11', '2024-11-25 17:55:11'),
(4255, 6, 115, 4, '2022', 1, 2, 0, '2024-11-25 17:55:11', '2024-11-25 17:55:11'),
(4256, 6, 95, 1, '2022', 1, 2, 0, '2024-11-25 17:55:11', '2024-11-25 17:55:11');
INSERT INTO `tb_databencana` (`id`, `id_kotakab`, `id_kecamatan`, `id_jenisbencana`, `tahun`, `frekuensi_kejadian`, `total_kerusakan`, `total_korban`, `created_at`, `updated_at`) VALUES
(4257, 30, 608, 1, '2022', 6, 4, 0, '2024-11-25 17:55:11', '2024-11-25 17:55:11'),
(4258, 30, 608, 3, '2022', 2, 35, 0, '2024-11-25 17:55:11', '2024-11-25 17:55:11'),
(4259, 30, 608, 4, '2022', 1, 1, 0, '2024-11-25 17:55:11', '2024-11-25 17:55:11'),
(4260, 30, 608, 8, '2022', 6, 6, 0, '2024-11-25 17:55:11', '2024-11-25 17:55:11'),
(4261, 30, 608, 9, '2022', 1, 2, 0, '2024-11-25 17:55:11', '2024-11-25 17:55:11'),
(4262, 30, 610, 1, '2022', 4, 15, 0, '2024-11-25 17:55:11', '2024-11-25 17:55:11'),
(4263, 30, 610, 8, '2022', 3, 3, 0, '2024-11-25 17:55:11', '2024-11-25 17:55:11'),
(4264, 30, 609, 1, '2022', 3, 4, 0, '2024-11-25 17:55:11', '2024-11-25 17:55:11'),
(4265, 30, 609, 8, '2022', 1, 1, 0, '2024-11-25 17:55:11', '2024-11-25 17:55:11'),
(4266, 30, 609, 1, '2022', 1, 0, 0, '2024-11-25 17:55:11', '2024-11-25 17:55:11'),
(4267, 24, 500, 3, '2022', 1, 0, 0, '2024-11-25 17:55:11', '2024-11-25 17:55:11'),
(4268, 24, 500, 1, '2022', 1, 1, 0, '2024-11-25 17:55:11', '2024-11-25 17:55:11'),
(4269, 24, 501, 3, '2022', 1, 1, 0, '2024-11-25 17:55:11', '2024-11-25 17:55:11'),
(4270, 24, 501, 1, '2022', 1, 0, 0, '2024-11-25 17:55:11', '2024-11-25 17:55:11'),
(4271, 24, 502, 3, '2022', 1, 0, 0, '2024-11-25 17:55:11', '2024-11-25 17:55:11'),
(4272, 24, 502, 4, '2022', 1, 1, 0, '2024-11-25 17:55:11', '2024-11-25 17:55:11'),
(4273, 24, 502, 1, '2022', 1, 154, 0, '2024-11-25 17:55:11', '2024-11-25 17:55:11'),
(4274, 24, 504, 1, '2022', 2, 0, 0, '2024-11-25 17:55:11', '2024-11-25 17:55:11'),
(4275, 24, 516, 3, '2022', 1, 1, 0, '2024-11-25 17:55:11', '2024-11-25 17:55:11'),
(4276, 24, 517, 3, '2022', 2, 410, 0, '2024-11-25 17:55:11', '2024-11-25 17:55:11'),
(4277, 24, 517, 8, '2022', 1, 1, 0, '2024-11-25 17:55:11', '2024-11-25 17:55:11'),
(4278, 24, 514, 3, '2022', 2, 66, 0, '2024-11-25 17:55:11', '2024-11-25 17:55:11'),
(4279, 24, 498, 1, '2022', 1, 5, 0, '2024-11-25 17:55:11', '2024-11-25 17:55:11'),
(4280, 24, 510, 3, '2022', 1, 0, 0, '2024-11-25 17:55:11', '2024-11-25 17:55:11'),
(4281, 24, 509, 3, '2022', 1, 0, 0, '2024-11-25 17:55:11', '2024-11-25 17:55:11'),
(4282, 24, 509, 1, '2022', 1, 1, 0, '2024-11-25 17:55:11', '2024-11-25 17:55:11'),
(4283, 24, 503, 1, '2022', 1, 1, 0, '2024-11-25 17:55:11', '2024-11-25 17:55:11'),
(4284, 24, 503, 3, '2022', 1, 50, 0, '2024-11-25 17:55:11', '2024-11-25 17:55:11'),
(4285, 24, 499, 4, '2022', 1, 7, 0, '2024-11-25 17:55:11', '2024-11-25 17:55:11'),
(4286, 24, 512, 1, '2022', 1, 0, 0, '2024-11-25 17:55:11', '2024-11-25 17:55:11'),
(4287, 24, 513, 1, '2022', 1, 2, 0, '2024-11-25 17:55:11', '2024-11-25 17:55:11'),
(4288, 24, 496, 3, '2022', 1, 0, 0, '2024-11-25 17:55:11', '2024-11-25 17:55:11'),
(4289, 24, 496, 1, '2022', 1, 0, 0, '2024-11-25 17:55:11', '2024-11-25 17:55:11'),
(4290, 24, 502, 3, '2022', 2, 82, 0, '2024-11-25 17:55:11', '2024-11-25 17:55:11'),
(4291, 24, 511, 1, '2022', 1, 1, 0, '2024-11-25 17:55:11', '2024-11-25 17:55:11'),
(4292, 24, 497, 1, '2022', 1, 0, 0, '2024-11-25 17:55:11', '2024-11-25 17:55:11'),
(4293, 24, 495, 1, '2022', 1, 0, 0, '2024-11-25 17:55:11', '2024-11-25 17:55:11'),
(4294, 24, 494, 1, '2022', 1, 0, 0, '2024-11-25 17:55:11', '2024-11-25 17:55:11'),
(4295, 24, 516, 1, '2022', 1, 21, 1, '2024-11-25 17:55:11', '2024-11-25 17:55:11'),
(4296, 24, 516, 3, '2022', 1, 0, 0, '2024-11-25 17:55:11', '2024-11-25 17:55:11'),
(4297, 8, 152, 3, '2022', 1, 0, 0, '2024-11-25 17:55:11', '2024-11-25 17:55:11'),
(4298, 8, 152, 8, '2022', 1, 1, 0, '2024-11-25 17:55:11', '2024-11-25 17:55:11'),
(4299, 8, 159, 3, '2022', 3, 778, 0, '2024-11-25 17:55:11', '2024-11-25 17:55:11'),
(4300, 8, 162, 3, '2022', 4, 1601, 0, '2024-11-25 17:55:11', '2024-11-25 17:55:11'),
(4301, 8, 162, 4, '2022', 2, 1, 0, '2024-11-25 17:55:11', '2024-11-25 17:55:11'),
(4302, 8, 162, 1, '2022', 2, 1, 0, '2024-11-25 17:55:11', '2024-11-25 17:55:11'),
(4303, 8, 165, 1, '2022', 1, 0, 0, '2024-11-25 17:55:11', '2024-11-25 17:55:11'),
(4304, 8, 165, 3, '2022', 2, 17, 0, '2024-11-25 17:55:11', '2024-11-25 17:55:11'),
(4305, 8, 165, 4, '2022', 1, 1, 0, '2024-11-25 17:55:11', '2024-11-25 17:55:11'),
(4306, 8, 151, 3, '2022', 1, 0, 0, '2024-11-25 17:55:11', '2024-11-25 17:55:11'),
(4307, 8, 151, 1, '2022', 1, 18, 0, '2024-11-25 17:55:11', '2024-11-25 17:55:11'),
(4308, 8, 157, 1, '2022', 1, 0, 0, '2024-11-25 17:55:11', '2024-11-25 17:55:11'),
(4309, 8, 157, 3, '2022', 1, 1, 0, '2024-11-25 17:55:11', '2024-11-25 17:55:11'),
(4310, 8, 157, 8, '2022', 1, 1, 0, '2024-11-25 17:55:11', '2024-11-25 17:55:11'),
(4311, 8, 160, 3, '2022', 3, 118, 0, '2024-11-25 17:55:11', '2024-11-25 17:55:11'),
(4312, 8, 160, 1, '2022', 1, 7, 0, '2024-11-25 17:55:11', '2024-11-25 17:55:11'),
(4313, 8, 156, 1, '2022', 1, 0, 0, '2024-11-25 17:55:11', '2024-11-25 17:55:11'),
(4314, 8, 167, 3, '2022', 2, 224, 0, '2024-11-25 17:55:11', '2024-11-25 17:55:11'),
(4315, 8, 167, 4, '2022', 1, 0, 0, '2024-11-25 17:55:11', '2024-11-25 17:55:11'),
(4316, 8, 154, 1, '2022', 1, 6, 0, '2024-11-25 17:55:11', '2024-11-25 17:55:11'),
(4317, 8, 154, 1, '2022', 1, 0, 0, '2024-11-25 17:55:11', '2024-11-25 17:55:11'),
(4318, 8, 154, 8, '2022', 1, 13, 0, '2024-11-25 17:55:11', '2024-11-25 17:55:11'),
(4319, 8, 168, 3, '2022', 1, 0, 0, '2024-11-25 17:55:11', '2024-11-25 17:55:11'),
(4320, 8, 168, 1, '2022', 1, 0, 0, '2024-11-25 17:55:11', '2024-11-25 17:55:11'),
(4321, 8, 153, 8, '2022', 1, 1, 0, '2024-11-25 17:55:11', '2024-11-25 17:55:11'),
(4322, 8, 163, 8, '2022', 2, 2, 0, '2024-11-25 17:55:11', '2024-11-25 17:55:11'),
(4323, 8, 158, 8, '2022', 1, 1, 0, '2024-11-25 17:55:11', '2024-11-25 17:55:11'),
(4324, 8, 149, 3, '2022', 3, 408, 0, '2024-11-25 17:55:11', '2024-11-25 17:55:11'),
(4325, 8, 149, 4, '2022', 1, 2, 0, '2024-11-25 17:55:11', '2024-11-25 17:55:11'),
(4326, 8, 150, 4, '2022', 2, 7, 0, '2024-11-25 17:55:11', '2024-11-25 17:55:11'),
(4327, 8, 150, 6, '2022', 1, 10, 10, '2024-11-25 17:55:11', '2024-11-25 17:55:11'),
(4328, 19, 405, 1, '2022', 1, 16, 0, '2024-11-25 17:55:11', '2024-11-25 17:55:11'),
(4329, 19, 405, 3, '2022', 1, 0, 0, '2024-11-25 17:55:11', '2024-11-25 17:55:11'),
(4330, 19, 401, 3, '2022', 1, 0, 0, '2024-11-25 17:55:11', '2024-11-25 17:55:11'),
(4331, 19, 401, 4, '2022', 1, 1, 0, '2024-11-25 17:55:11', '2024-11-25 17:55:11'),
(4332, 19, 398, 3, '2022', 2, 334, 0, '2024-11-25 17:55:11', '2024-11-25 17:55:11'),
(4333, 19, 398, 4, '2022', 1, 2, 0, '2024-11-25 17:55:11', '2024-11-25 17:55:11'),
(4334, 19, 398, 1, '2022', 1, 10, 0, '2024-11-25 17:55:11', '2024-11-25 17:55:11'),
(4335, 19, 399, 3, '2022', 1, 470, 0, '2024-11-25 17:55:11', '2024-11-25 17:55:11'),
(4336, 19, 399, 8, '2022', 1, 1, 0, '2024-11-25 17:55:11', '2024-11-25 17:55:11'),
(4337, 19, 399, 1, '2022', 1, 11, 0, '2024-11-25 17:55:11', '2024-11-25 17:55:11'),
(4338, 19, 402, 3, '2022', 1, 722, 0, '2024-11-25 17:55:11', '2024-11-25 17:55:11'),
(4339, 19, 402, 1, '2022', 2, 1, 0, '2024-11-25 17:55:11', '2024-11-25 17:55:11'),
(4340, 19, 396, 4, '2022', 3, 2, 0, '2024-11-25 17:55:11', '2024-11-25 17:55:11'),
(4341, 19, 397, 3, '2022', 1, 19, 0, '2024-11-25 17:55:11', '2024-11-25 17:55:11'),
(4342, 19, 397, 4, '2022', 2, 1, 0, '2024-11-25 17:55:11', '2024-11-25 17:55:11'),
(4343, 19, 395, 1, '2022', 1, 2, 0, '2024-11-25 17:55:11', '2024-11-25 17:55:11'),
(4344, 19, 395, 3, '2022', 1, 0, 0, '2024-11-25 17:55:11', '2024-11-25 17:55:11'),
(4345, 19, 393, 1, '2022', 1, 9, 0, '2024-11-25 17:55:11', '2024-11-25 17:55:11'),
(4346, 19, 391, 1, '2022', 1, 28, 0, '2024-11-25 17:55:11', '2024-11-25 17:55:11'),
(4347, 19, 403, 3, '2022', 1, 0, 0, '2024-11-25 17:55:11', '2024-11-25 17:55:11'),
(4348, 19, 394, 4, '2022', 2, 4, 0, '2024-11-25 17:55:11', '2024-11-25 17:55:11'),
(4349, 19, 394, 8, '2022', 1, 292, 0, '2024-11-25 17:55:11', '2024-11-25 17:55:11'),
(4350, 19, 392, 1, '2022', 2, 0, 0, '2024-11-25 17:55:11', '2024-11-25 17:55:11'),
(4351, 19, 392, 8, '2022', 1, 1, 0, '2024-11-25 17:55:11', '2024-11-25 17:55:11'),
(4352, 19, 391, 8, '2022', 1, 1, 0, '2024-11-25 17:55:11', '2024-11-25 17:55:11'),
(4353, 19, 400, 1, '2022', 1, 46, 0, '2024-11-25 17:55:11', '2024-11-25 17:55:11'),
(4354, 19, 404, 1, '2022', 1, 1, 0, '2024-11-25 17:55:11', '2024-11-25 17:55:11'),
(4355, 36, 633, 4, '2022', 2, 1, 0, '2024-11-25 17:55:11', '2024-11-25 17:55:11'),
(4356, 36, 633, 8, '2022', 3, 3, 0, '2024-11-25 17:55:11', '2024-11-25 17:55:11'),
(4357, 36, 633, 1, '2022', 2, 1, 0, '2024-11-25 17:55:11', '2024-11-25 17:55:11'),
(4358, 36, 632, 1, '2022', 2, 0, 0, '2024-11-25 17:55:11', '2024-11-25 17:55:11'),
(4359, 36, 632, 8, '2022', 2, 2, 0, '2024-11-25 17:55:11', '2024-11-25 17:55:11'),
(4360, 36, 631, 1, '2022', 2, 0, 0, '2024-11-25 17:55:11', '2024-11-25 17:55:11'),
(4361, 36, 631, 8, '2022', 1, 1, 0, '2024-11-25 17:55:11', '2024-11-25 17:55:11'),
(4362, 20, 409, 1, '2022', 2, 3, 0, '2024-11-25 17:55:11', '2024-11-25 17:55:11'),
(4363, 20, 414, 4, '2022', 1, 1, 0, '2024-11-25 17:55:11', '2024-11-25 17:55:11'),
(4364, 20, 414, 1, '2022', 1, 0, 0, '2024-11-25 17:55:11', '2024-11-25 17:55:11'),
(4365, 20, 414, 3, '2022', 1, 7, 0, '2024-11-25 17:55:11', '2024-11-25 17:55:11'),
(4366, 20, 421, 4, '2022', 3, 3, 0, '2024-11-25 17:55:11', '2024-11-25 17:55:11'),
(4367, 20, 418, 1, '2022', 2, 0, 1, '2024-11-25 17:55:11', '2024-11-25 17:55:11'),
(4368, 20, 407, 4, '2022', 2, 1, 0, '2024-11-25 17:55:11', '2024-11-25 17:55:11'),
(4369, 20, 413, 1, '2022', 3, 12, 0, '2024-11-25 17:55:11', '2024-11-25 17:55:11'),
(4370, 20, 413, 4, '2022', 2, 4, 0, '2024-11-25 17:55:11', '2024-11-25 17:55:11'),
(4371, 20, 412, 3, '2022', 2, 0, 0, '2024-11-25 17:55:11', '2024-11-25 17:55:11'),
(4372, 20, 412, 1, '2022', 1, 19, 0, '2024-11-25 17:55:11', '2024-11-25 17:55:11'),
(4373, 20, 416, 1, '2022', 1, 0, 0, '2024-11-25 17:55:11', '2024-11-25 17:55:11'),
(4374, 20, 406, 4, '2022', 2, 1, 0, '2024-11-25 17:55:11', '2024-11-25 17:55:11'),
(4375, 20, 406, 1, '2022', 1, 0, 0, '2024-11-25 17:55:11', '2024-11-25 17:55:11'),
(4376, 20, 420, 1, '2022', 1, 0, 0, '2024-11-25 17:55:11', '2024-11-25 17:55:11'),
(4377, 20, 419, 1, '2022', 1, 1, 0, '2024-11-25 17:55:11', '2024-11-25 17:55:11'),
(4378, 20, 423, 1, '2022', 1, 10, 0, '2024-11-25 17:55:11', '2024-11-25 17:55:11'),
(4379, 20, 410, 1, '2022', 1, 0, 0, '2024-11-25 17:55:11', '2024-11-25 17:55:11'),
(4380, 20, 417, 1, '2022', 1, 0, 0, '2024-11-25 17:55:11', '2024-11-25 17:55:11'),
(4381, 7, 121, 5, '2022', 1, 3, 0, '2024-11-25 17:55:11', '2024-11-25 17:55:11'),
(4382, 7, 121, 1, '2022', 1, 1, 0, '2024-11-25 17:55:11', '2024-11-25 17:55:11'),
(4383, 7, 121, 3, '2022', 4, 566, 0, '2024-11-25 17:55:11', '2024-11-25 17:55:11'),
(4384, 7, 121, 4, '2022', 2, 12, 0, '2024-11-25 17:55:11', '2024-11-25 17:55:11'),
(4385, 7, 148, 1, '2022', 3, 12, 0, '2024-11-25 17:55:11', '2024-11-25 17:55:11'),
(4386, 7, 148, 4, '2022', 1, 1, 0, '2024-11-25 17:55:11', '2024-11-25 17:55:11'),
(4387, 7, 143, 1, '2022', 2, 116, 0, '2024-11-25 17:55:11', '2024-11-25 17:55:11'),
(4388, 7, 143, 8, '2022', 1, 4, 0, '2024-11-25 17:55:11', '2024-11-25 17:55:11'),
(4389, 7, 147, 4, '2022', 2, 1, 0, '2024-11-25 17:55:11', '2024-11-25 17:55:11'),
(4390, 7, 147, 1, '2022', 2, 1, 0, '2024-11-25 17:55:11', '2024-11-25 17:55:11'),
(4391, 7, 125, 4, '2022', 1, 1, 0, '2024-11-25 17:55:11', '2024-11-25 17:55:11'),
(4392, 7, 139, 1, '2022', 3, 31, 0, '2024-11-25 17:55:11', '2024-11-25 17:55:11'),
(4393, 7, 140, 1, '2022', 4, 63, 0, '2024-11-25 17:55:11', '2024-11-25 17:55:11'),
(4394, 7, 140, 3, '2022', 2, 120, 0, '2024-11-25 17:55:11', '2024-11-25 17:55:11'),
(4395, 7, 141, 1, '2022', 2, 7, 0, '2024-11-25 17:55:11', '2024-11-25 17:55:11'),
(4396, 7, 131, 1, '2022', 3, 15, 0, '2024-11-25 17:55:11', '2024-11-25 17:55:11'),
(4397, 7, 142, 3, '2022', 1, 75, 0, '2024-11-25 17:55:11', '2024-11-25 17:55:11'),
(4398, 7, 142, 4, '2022', 2, 5, 1, '2024-11-25 17:55:11', '2024-11-25 17:55:11'),
(4399, 7, 142, 1, '2022', 1, 2, 0, '2024-11-25 17:55:11', '2024-11-25 17:55:11'),
(4400, 7, 122, 1, '2022', 1, 1, 0, '2024-11-25 17:55:11', '2024-11-25 17:55:11'),
(4401, 7, 122, 4, '2022', 1, 4, 0, '2024-11-25 17:55:11', '2024-11-25 17:55:11'),
(4402, 7, 136, 4, '2022', 1, 1, 0, '2024-11-25 17:55:11', '2024-11-25 17:55:11'),
(4403, 7, 146, 1, '2022', 2, 19, 1, '2024-11-25 17:55:11', '2024-11-25 17:55:11'),
(4404, 7, 118, 1, '2022', 1, 2, 0, '2024-11-25 17:55:11', '2024-11-25 17:55:11'),
(4405, 7, 118, 3, '2022', 1, 8, 0, '2024-11-25 17:55:11', '2024-11-25 17:55:11'),
(4406, 7, 119, 1, '2022', 1, 1, 0, '2024-11-25 17:55:11', '2024-11-25 17:55:11'),
(4407, 7, 119, 4, '2022', 1, 1, 0, '2024-11-25 17:55:11', '2024-11-25 17:55:11'),
(4408, 7, 119, 3, '2022', 1, 6, 0, '2024-11-25 17:55:11', '2024-11-25 17:55:11'),
(4409, 7, 126, 1, '2022', 1, 61, 2, '2024-11-25 17:55:11', '2024-11-25 17:55:11'),
(4410, 7, 126, 4, '2022', 1, 1, 0, '2024-11-25 17:55:11', '2024-11-25 17:55:11'),
(4411, 7, 123, 1, '2022', 1, 2, 0, '2024-11-25 17:55:11', '2024-11-25 17:55:11'),
(4412, 7, 123, 3, '2022', 3, 360, 0, '2024-11-25 17:55:11', '2024-11-25 17:55:11'),
(4413, 7, 123, 4, '2022', 1, 5, 0, '2024-11-25 17:55:11', '2024-11-25 17:55:11'),
(4414, 7, 144, 8, '2022', 1, 1, 0, '2024-11-25 17:55:11', '2024-11-25 17:55:11'),
(4415, 7, 144, 1, '2022', 1, 6, 0, '2024-11-25 17:55:11', '2024-11-25 17:55:11'),
(4416, 7, 137, 1, '2022', 1, 29, 0, '2024-11-25 17:55:11', '2024-11-25 17:55:11'),
(4417, 7, 132, 1, '2022', 1, 1, 0, '2024-11-25 17:55:11', '2024-11-25 17:55:11'),
(4418, 7, 124, 4, '2022', 1, 1, 0, '2024-11-25 17:55:11', '2024-11-25 17:55:11'),
(4419, 7, 117, 4, '2022', 1, 1, 0, '2024-11-25 17:55:11', '2024-11-25 17:55:11'),
(4420, 7, 116, 3, '2022', 1, 14, 0, '2024-11-25 17:55:11', '2024-11-25 17:55:11'),
(4421, 32, 614, 4, '2022', 4, 4, 0, '2024-11-25 17:55:11', '2024-11-25 17:55:11'),
(4422, 32, 614, 1, '2022', 2, 16, 0, '2024-11-25 17:55:11', '2024-11-25 17:55:11'),
(4423, 32, 614, 3, '2022', 1, 13, 0, '2024-11-25 17:55:11', '2024-11-25 17:55:11'),
(4424, 32, 617, 1, '2022', 4, 20, 0, '2024-11-25 17:55:11', '2024-11-25 17:55:11'),
(4425, 32, 617, 4, '2022', 4, 7, 0, '2024-11-25 17:55:11', '2024-11-25 17:55:11'),
(4426, 32, 617, 3, '2022', 3, 62, 1, '2024-11-25 17:55:11', '2024-11-25 17:55:11'),
(4427, 32, 618, 3, '2022', 3, 39, 0, '2024-11-25 17:55:11', '2024-11-25 17:55:11'),
(4428, 32, 618, 4, '2022', 4, 7, 0, '2024-11-25 17:55:11', '2024-11-25 17:55:11'),
(4429, 32, 618, 1, '2022', 1, 2, 0, '2024-11-25 17:55:11', '2024-11-25 17:55:11'),
(4430, 32, 616, 4, '2022', 2, 3, 0, '2024-11-25 17:55:11', '2024-11-25 17:55:11'),
(4431, 32, 616, 3, '2022', 2, 155, 0, '2024-11-25 17:55:11', '2024-11-25 17:55:11'),
(4432, 32, 615, 4, '2022', 4, 3, 0, '2024-11-25 17:55:11', '2024-11-25 17:55:11'),
(4433, 32, 615, 1, '2022', 1, 1, 0, '2024-11-25 17:55:11', '2024-11-25 17:55:11'),
(4434, 32, 615, 3, '2022', 1, 12, 0, '2024-11-25 17:55:11', '2024-11-25 17:55:11'),
(4435, 16, 348, 1, '2022', 4, 37, 0, '2024-11-25 17:55:11', '2024-11-25 17:55:11'),
(4436, 16, 339, 1, '2022', 3, 1, 0, '2024-11-25 17:55:11', '2024-11-25 17:55:11'),
(4437, 16, 339, 8, '2022', 3, 3, 0, '2024-11-25 17:55:11', '2024-11-25 17:55:11'),
(4438, 16, 334, 4, '2022', 4, 0, 0, '2024-11-25 17:55:11', '2024-11-25 17:55:11'),
(4439, 16, 334, 1, '2022', 4, 1, 3, '2024-11-25 17:55:11', '2024-11-25 17:55:11'),
(4440, 16, 341, 3, '2022', 4, 9, 0, '2024-11-25 17:55:11', '2024-11-25 17:55:11'),
(4441, 16, 341, 1, '2022', 4, 15, 0, '2024-11-25 17:55:11', '2024-11-25 17:55:11'),
(4442, 16, 340, 1, '2022', 3, 3, 0, '2024-11-25 17:55:11', '2024-11-25 17:55:11'),
(4443, 16, 340, 8, '2022', 1, 1, 0, '2024-11-25 17:55:11', '2024-11-25 17:55:11'),
(4444, 16, 342, 1, '2022', 3, 3, 0, '2024-11-25 17:55:11', '2024-11-25 17:55:11'),
(4445, 16, 342, 3, '2022', 1, 0, 0, '2024-11-25 17:55:11', '2024-11-25 17:55:11'),
(4446, 16, 342, 8, '2022', 1, 1, 0, '2024-11-25 17:55:11', '2024-11-25 17:55:11'),
(4447, 16, 346, 1, '2022', 2, 2, 0, '2024-11-25 17:55:11', '2024-11-25 17:55:11'),
(4448, 16, 346, 8, '2022', 1, 1, 0, '2024-11-25 17:55:11', '2024-11-25 17:55:11'),
(4449, 16, 345, 3, '2022', 2, 16, 0, '2024-11-25 17:55:11', '2024-11-25 17:55:11'),
(4450, 16, 345, 8, '2022', 1, 3, 0, '2024-11-25 17:55:11', '2024-11-25 17:55:11'),
(4451, 16, 343, 1, '2022', 3, 6, 0, '2024-11-25 17:55:11', '2024-11-25 17:55:11'),
(4452, 16, 343, 3, '2022', 1, 1, 0, '2024-11-25 17:55:11', '2024-11-25 17:55:11'),
(4453, 16, 332, 1, '2022', 1, 1, 0, '2024-11-25 17:55:11', '2024-11-25 17:55:11'),
(4454, 16, 332, 8, '2022', 1, 3, 4, '2024-11-25 17:55:11', '2024-11-25 17:55:11'),
(4455, 16, 335, 1, '2022', 1, 0, 1, '2024-11-25 17:55:11', '2024-11-25 17:55:11'),
(4456, 16, 336, 3, '2022', 2, 32, 0, '2024-11-25 17:55:11', '2024-11-25 17:55:11'),
(4457, 16, 336, 8, '2022', 1, 3, 1, '2024-11-25 17:55:11', '2024-11-25 17:55:11'),
(4458, 16, 349, 3, '2022', 3, 120, 0, '2024-11-25 17:55:11', '2024-11-25 17:55:11'),
(4459, 16, 349, 1, '2022', 2, 29, 0, '2024-11-25 17:55:11', '2024-11-25 17:55:11'),
(4460, 16, 333, 1, '2022', 1, 2, 0, '2024-11-25 17:55:11', '2024-11-25 17:55:11'),
(4461, 16, 347, 3, '2022', 4, 91, 0, '2024-11-25 17:55:11', '2024-11-25 17:55:11'),
(4462, 16, 347, 1, '2022', 4, 19, 0, '2024-11-25 17:55:11', '2024-11-25 17:55:11'),
(4463, 16, 338, 8, '2022', 2, 2, 1, '2024-11-25 17:55:11', '2024-11-25 17:55:11'),
(4464, 16, 344, 1, '2022', 3, 15, 0, '2024-11-25 17:55:11', '2024-11-25 17:55:11'),
(4465, 16, 344, 3, '2022', 1, 90, 0, '2024-11-25 17:55:11', '2024-11-25 17:55:11'),
(4466, 16, 344, 8, '2022', 1, 1, 0, '2024-11-25 17:55:11', '2024-11-25 17:55:11'),
(4467, 16, 337, 1, '2022', 1, 1, 0, '2024-11-25 17:55:11', '2024-11-25 17:55:11'),
(4468, 16, 337, 8, '2022', 1, 1, 0, '2024-11-25 17:55:11', '2024-11-25 17:55:11'),
(4469, 16, 333, 8, '2022', 2, 2, 0, '2024-11-25 17:55:11', '2024-11-25 17:55:11'),
(4470, 18, 383, 1, '2022', 2, 4, 1, '2024-11-25 17:55:11', '2024-11-25 17:55:11'),
(4471, 18, 383, 3, '2022', 1, 0, 0, '2024-11-25 17:55:11', '2024-11-25 17:55:11'),
(4472, 18, 383, 8, '2022', 1, 1, 0, '2024-11-25 17:55:11', '2024-11-25 17:55:11'),
(4473, 18, 387, 3, '2022', 2, 0, 0, '2024-11-25 17:55:11', '2024-11-25 17:55:11'),
(4474, 18, 382, 3, '2022', 2, 0, 0, '2024-11-25 17:55:11', '2024-11-25 17:55:11'),
(4475, 18, 379, 1, '2022', 1, 1, 0, '2024-11-25 17:55:11', '2024-11-25 17:55:11'),
(4476, 18, 384, 3, '2022', 2, 53, 0, '2024-11-25 17:55:11', '2024-11-25 17:55:11'),
(4477, 18, 384, 1, '2022', 1, 1, 1, '2024-11-25 17:55:11', '2024-11-25 17:55:11'),
(4478, 18, 375, 3, '2022', 3, 140, 0, '2024-11-25 17:55:12', '2024-11-25 17:55:12'),
(4479, 18, 375, 1, '2022', 1, 1, 1, '2024-11-25 17:55:12', '2024-11-25 17:55:12'),
(4480, 18, 385, 3, '2022', 3, 124, 0, '2024-11-25 17:55:12', '2024-11-25 17:55:12'),
(4481, 18, 385, 1, '2022', 1, 1, 0, '2024-11-25 17:55:12', '2024-11-25 17:55:12'),
(4482, 18, 374, 1, '2022', 2, 1, 0, '2024-11-25 17:55:12', '2024-11-25 17:55:12'),
(4483, 18, 374, 8, '2022', 1, 1, 0, '2024-11-25 17:55:12', '2024-11-25 17:55:12'),
(4484, 18, 373, 3, '2022', 1, 10, 0, '2024-11-25 17:55:12', '2024-11-25 17:55:12'),
(4485, 18, 386, 4, '2022', 1, 0, 0, '2024-11-25 17:55:12', '2024-11-25 17:55:12'),
(4486, 18, 386, 3, '2022', 1, 0, 0, '2024-11-25 17:55:12', '2024-11-25 17:55:12'),
(4487, 18, 378, 1, '2022', 1, 0, 0, '2024-11-25 17:55:12', '2024-11-25 17:55:12'),
(4488, 18, 376, 8, '2022', 1, 1, 0, '2024-11-25 17:55:12', '2024-11-25 17:55:12'),
(4489, 18, 376, 1, '2022', 1, 0, 1, '2024-11-25 17:55:12', '2024-11-25 17:55:12'),
(4490, 18, 381, 1, '2022', 1, 8, 0, '2024-11-25 17:55:12', '2024-11-25 17:55:12'),
(4491, 18, 371, 4, '2022', 1, 1, 0, '2024-11-25 17:55:12', '2024-11-25 17:55:12'),
(4492, 21, 427, 1, '2022', 2, 8, 0, '2024-11-25 17:55:12', '2024-11-25 17:55:12'),
(4493, 21, 427, 8, '2022', 1, 1, 0, '2024-11-25 17:55:12', '2024-11-25 17:55:12'),
(4494, 21, 440, 1, '2022', 2, 15, 0, '2024-11-25 17:55:12', '2024-11-25 17:55:12'),
(4495, 21, 434, 3, '2022', 2, 12, 0, '2024-11-25 17:55:12', '2024-11-25 17:55:12'),
(4496, 21, 434, 1, '2022', 1, 0, 0, '2024-11-25 17:55:12', '2024-11-25 17:55:12'),
(4497, 21, 424, 4, '2022', 2, 1, 0, '2024-11-25 17:55:12', '2024-11-25 17:55:12'),
(4498, 21, 424, 1, '2022', 2, 8, 0, '2024-11-25 17:55:12', '2024-11-25 17:55:12'),
(4499, 21, 436, 8, '2022', 3, 3, 0, '2024-11-25 17:55:12', '2024-11-25 17:55:12'),
(4500, 21, 436, 1, '2022', 4, 0, 0, '2024-11-25 17:55:12', '2024-11-25 17:55:12'),
(4501, 21, 429, 1, '2022', 1, 0, 0, '2024-11-25 17:55:12', '2024-11-25 17:55:12'),
(4502, 21, 429, 1, '2022', 1, 1, 0, '2024-11-25 17:55:12', '2024-11-25 17:55:12'),
(4503, 21, 430, 3, '2022', 1, 0, 0, '2024-11-25 17:55:12', '2024-11-25 17:55:12'),
(4504, 21, 437, 1, '2022', 3, 0, 0, '2024-11-25 17:55:12', '2024-11-25 17:55:12'),
(4505, 21, 437, 3, '2022', 1, 0, 0, '2024-11-25 17:55:12', '2024-11-25 17:55:12'),
(4506, 21, 437, 1, '2022', 1, 0, 0, '2024-11-25 17:55:12', '2024-11-25 17:55:12'),
(4507, 21, 428, 1, '2022', 1, 5, 0, '2024-11-25 17:55:12', '2024-11-25 17:55:12'),
(4508, 21, 426, 8, '2022', 1, 1, 0, '2024-11-25 17:55:12', '2024-11-25 17:55:12'),
(4509, 21, 435, 1, '2022', 1, 12, 0, '2024-11-25 17:55:12', '2024-11-25 17:55:12'),
(4510, 21, 438, 1, '2022', 1, 1, 0, '2024-11-25 17:55:12', '2024-11-25 17:55:12'),
(4511, 21, 432, 3, '2022', 1, 25, 0, '2024-11-25 17:55:12', '2024-11-25 17:55:12'),
(4512, 1, 8, 4, '2022', 2, 1, 0, '2024-11-25 17:55:12', '2024-11-25 17:55:12'),
(4513, 1, 8, 1, '2022', 1, 2, 0, '2024-11-25 17:55:12', '2024-11-25 17:55:12'),
(4514, 1, 12, 8, '2022', 1, 1, 0, '2024-11-25 17:55:12', '2024-11-25 17:55:12'),
(4515, 1, 12, 4, '2022', 9, 13, 0, '2024-11-25 17:55:12', '2024-11-25 17:55:12'),
(4516, 1, 12, 3, '2022', 1, 0, 0, '2024-11-25 17:55:12', '2024-11-25 17:55:12'),
(4517, 1, 5, 8, '2022', 1, 1, 0, '2024-11-25 17:55:12', '2024-11-25 17:55:12'),
(4518, 1, 5, 4, '2022', 7, 6, 0, '2024-11-25 17:55:12', '2024-11-25 17:55:12'),
(4519, 1, 5, 3, '2022', 1, 70, 0, '2024-11-25 17:55:12', '2024-11-25 17:55:12'),
(4520, 1, 7, 4, '2022', 7, 7, 0, '2024-11-25 17:55:12', '2024-11-25 17:55:12'),
(4521, 1, 7, 3, '2022', 1, 6, 0, '2024-11-25 17:55:12', '2024-11-25 17:55:12'),
(4522, 1, 7, 1, '2022', 1, 1, 0, '2024-11-25 17:55:12', '2024-11-25 17:55:12'),
(4523, 1, 9, 4, '2022', 5, 12, 0, '2024-11-25 17:55:12', '2024-11-25 17:55:12'),
(4524, 1, 6, 4, '2022', 10, 15, 0, '2024-11-25 17:55:12', '2024-11-25 17:55:12'),
(4525, 1, 10, 4, '2022', 6, 7, 0, '2024-11-25 17:55:12', '2024-11-25 17:55:12'),
(4526, 1, 2, 4, '2022', 3, 3, 0, '2024-11-25 17:55:12', '2024-11-25 17:55:12'),
(4527, 1, 3, 4, '2022', 1, 0, 0, '2024-11-25 17:55:12', '2024-11-25 17:55:12'),
(4528, 1, 13, 3, '2022', 1, 1, 0, '2024-11-25 17:55:12', '2024-11-25 17:55:12'),
(4529, 1, 13, 4, '2022', 9, 47, 0, '2024-11-25 17:55:12', '2024-11-25 17:55:12'),
(4530, 1, 11, 4, '2022', 8, 13, 0, '2024-11-25 17:55:12', '2024-11-25 17:55:12'),
(4531, 1, 11, 5, '2022', 2, 4, 0, '2024-11-25 17:55:12', '2024-11-25 17:55:12'),
(4532, 28, 576, 1, '2022', 2, 2, 1, '2024-11-25 17:55:12', '2024-11-25 17:55:12'),
(4533, 28, 576, 4, '2022', 2, 1, 0, '2024-11-25 17:55:12', '2024-11-25 17:55:12'),
(4534, 28, 573, 1, '2022', 2, 36, 0, '2024-11-25 17:55:12', '2024-11-25 17:55:12'),
(4535, 28, 573, 8, '2022', 1, 0, 0, '2024-11-25 17:55:12', '2024-11-25 17:55:12'),
(4536, 28, 574, 1, '2022', 1, 1, 0, '2024-11-25 17:55:12', '2024-11-25 17:55:12'),
(4537, 28, 579, 1, '2022', 2, 2, 0, '2024-11-25 17:55:12', '2024-11-25 17:55:12'),
(4538, 28, 579, 4, '2022', 1, 0, 0, '2024-11-25 17:55:12', '2024-11-25 17:55:12'),
(4539, 28, 579, 7, '2022', 1, 3, 0, '2024-11-25 17:55:12', '2024-11-25 17:55:12'),
(4540, 28, 580, 4, '2022', 1, 0, 0, '2024-11-25 17:55:12', '2024-11-25 17:55:12'),
(4541, 28, 572, 1, '2022', 3, 0, 0, '2024-11-25 17:55:12', '2024-11-25 17:55:12'),
(4542, 28, 572, 3, '2022', 3, 1187, 0, '2024-11-25 17:55:12', '2024-11-25 17:55:12'),
(4543, 28, 575, 4, '2022', 2, 2, 0, '2024-11-25 17:55:12', '2024-11-25 17:55:12'),
(4544, 28, 575, 1, '2022', 2, 8, 1, '2024-11-25 17:55:12', '2024-11-25 17:55:12'),
(4545, 28, 569, 1, '2022', 6, 47, 0, '2024-11-25 17:55:12', '2024-11-25 17:55:12'),
(4546, 28, 571, 1, '2022', 4, 2, 0, '2024-11-25 17:55:12', '2024-11-25 17:55:12'),
(4547, 28, 571, 4, '2022', 1, 0, 0, '2024-11-25 17:55:12', '2024-11-25 17:55:12'),
(4548, 28, 571, 3, '2022', 1, 0, 0, '2024-11-25 17:55:12', '2024-11-25 17:55:12'),
(4549, 28, 574, 4, '2022', 1, 1, 0, '2024-11-25 17:55:12', '2024-11-25 17:55:12'),
(4550, 28, 574, 3, '2022', 1, 15, 0, '2024-11-25 17:55:12', '2024-11-25 17:55:12'),
(4551, 28, 574, 1, '2022', 4, 37, 2, '2024-11-25 17:55:12', '2024-11-25 17:55:12'),
(4552, 28, 578, 4, '2022', 2, 1, 0, '2024-11-25 17:55:12', '2024-11-25 17:55:12'),
(4553, 28, 570, 4, '2022', 1, 7, 0, '2024-11-25 17:55:12', '2024-11-25 17:55:12'),
(4554, 28, 577, 1, '2022', 1, 14, 0, '2024-11-25 17:55:12', '2024-11-25 17:55:12'),
(4555, 28, 568, 10, '2022', 1, 24, 0, '2024-11-25 17:55:12', '2024-11-25 17:55:12'),
(4556, 14, 293, 4, '2022', 1, 1, 0, '2024-11-25 17:55:12', '2024-11-25 17:55:12'),
(4557, 14, 293, 3, '2022', 1, 5, 0, '2024-11-25 17:55:12', '2024-11-25 17:55:12'),
(4558, 14, 303, 3, '2022', 2, 39, 0, '2024-11-25 17:55:12', '2024-11-25 17:55:12'),
(4559, 14, 303, 1, '2022', 1, 1, 0, '2024-11-25 17:55:12', '2024-11-25 17:55:12'),
(4560, 14, 310, 3, '2022', 2, 2482, 0, '2024-11-25 17:55:12', '2024-11-25 17:55:12'),
(4561, 14, 310, 4, '2022', 2, 1, 0, '2024-11-25 17:55:12', '2024-11-25 17:55:12'),
(4562, 14, 310, 1, '2022', 1, 1, 0, '2024-11-25 17:55:12', '2024-11-25 17:55:12'),
(4563, 14, 302, 3, '2022', 1, 39, 0, '2024-11-25 17:55:12', '2024-11-25 17:55:12'),
(4564, 14, 311, 3, '2022', 3, 2482, 0, '2024-11-25 17:55:12', '2024-11-25 17:55:12'),
(4565, 14, 311, 1, '2022', 1, 2, 0, '2024-11-25 17:55:12', '2024-11-25 17:55:12'),
(4566, 14, 311, 3, '2022', 1, 160, 0, '2024-11-25 17:55:12', '2024-11-25 17:55:12'),
(4567, 14, 309, 3, '2022', 2, 2471, 0, '2024-11-25 17:55:12', '2024-11-25 17:55:12'),
(4568, 14, 309, 1, '2022', 2, 6, 0, '2024-11-25 17:55:12', '2024-11-25 17:55:12'),
(4569, 14, 304, 3, '2022', 2, 2445, 0, '2024-11-25 17:55:12', '2024-11-25 17:55:12'),
(4570, 14, 304, 1, '2022', 1, 0, 0, '2024-11-25 17:55:12', '2024-11-25 17:55:12'),
(4571, 14, 308, 3, '2022', 2, 4855, 0, '2024-11-25 17:55:12', '2024-11-25 17:55:12'),
(4572, 14, 308, 1, '2022', 1, 2, 0, '2024-11-25 17:55:12', '2024-11-25 17:55:12'),
(4573, 14, 306, 3, '2022', 2, 1068, 0, '2024-11-25 17:55:12', '2024-11-25 17:55:12'),
(4574, 14, 292, 4, '2022', 1, 0, 0, '2024-11-25 17:55:12', '2024-11-25 17:55:12'),
(4575, 14, 312, 3, '2022', 1, 0, 0, '2024-11-25 17:55:12', '2024-11-25 17:55:12'),
(4576, 14, 291, 4, '2022', 2, 3, 0, '2024-11-25 17:55:12', '2024-11-25 17:55:12'),
(4577, 14, 290, 1, '2022', 1, 7, 0, '2024-11-25 17:55:12', '2024-11-25 17:55:12'),
(4578, 14, 307, 8, '2022', 1, 1, 0, '2024-11-25 17:55:12', '2024-11-25 17:55:12'),
(4579, 14, 297, 8, '2022', 1, 1, 0, '2024-11-25 17:55:12', '2024-11-25 17:55:12'),
(4580, 34, 626, 3, '2022', 2, 23, 0, '2024-11-25 17:55:12', '2024-11-25 17:55:12'),
(4581, 34, 627, 3, '2022', 1, 11, 0, '2024-11-25 17:55:12', '2024-11-25 17:55:12'),
(4582, 34, 627, 8, '2022', 1, 1, 0, '2024-11-25 17:55:12', '2024-11-25 17:55:12'),
(4583, 34, 624, 8, '2022', 2, 8, 0, '2024-11-25 17:55:12', '2024-11-25 17:55:12'),
(4584, 34, 625, 8, '2022', 1, 1, 0, '2024-11-25 17:55:12', '2024-11-25 17:55:12'),
(4585, 2, 21, 1, '2022', 2, 39, 0, '2024-11-25 17:55:12', '2024-11-25 17:55:12'),
(4586, 2, 18, 1, '2022', 1, 1, 0, '2024-11-25 17:55:12', '2024-11-25 17:55:12'),
(4587, 2, 18, 4, '2022', 2, 8, 0, '2024-11-25 17:55:12', '2024-11-25 17:55:12'),
(4588, 2, 18, 3, '2022', 1, 0, 0, '2024-11-25 17:55:12', '2024-11-25 17:55:12'),
(4589, 2, 28, 4, '2022', 1, 1, 0, '2024-11-25 17:55:12', '2024-11-25 17:55:12'),
(4590, 2, 25, 1, '2022', 1, 1, 0, '2024-11-25 17:55:12', '2024-11-25 17:55:12'),
(4591, 2, 15, 1, '2022', 1, 1, 0, '2024-11-25 17:55:12', '2024-11-25 17:55:12'),
(4592, 2, 15, 5, '2022', 1, 9, 0, '2024-11-25 17:55:12', '2024-11-25 17:55:12'),
(4593, 2, 26, 8, '2022', 1, 1, 0, '2024-11-25 17:55:12', '2024-11-25 17:55:12'),
(4594, 2, 22, 1, '2022', 1, 4, 0, '2024-11-25 17:55:12', '2024-11-25 17:55:12'),
(4595, 2, 31, 1, '2022', 2, 2, 0, '2024-11-25 17:55:12', '2024-11-25 17:55:12'),
(4596, 2, 31, 8, '2022', 1, 1, 1, '2024-11-25 17:55:12', '2024-11-25 17:55:12'),
(4597, 2, 30, 1, '2022', 1, 1, 0, '2024-11-25 17:55:12', '2024-11-25 17:55:12'),
(4598, 2, 16, 4, '2022', 1, 14, 0, '2024-11-25 17:55:12', '2024-11-25 17:55:12'),
(4599, 2, 14, 4, '2022', 2, 14, 0, '2024-11-25 17:55:12', '2024-11-25 17:55:12'),
(4600, 2, 20, 4, '2022', 1, 2, 0, '2024-11-25 17:55:12', '2024-11-25 17:55:12'),
(4601, 2, 34, 4, '2022', 1, 2, 0, '2024-11-25 17:55:12', '2024-11-25 17:55:12'),
(4602, 2, 19, 4, '2022', 4, 4, 0, '2024-11-25 17:55:12', '2024-11-25 17:55:12'),
(4603, 2, 17, 4, '2022', 1, 1, 0, '2024-11-25 17:55:12', '2024-11-25 17:55:12'),
(4604, 13, 288, 1, '2022', 3, 1, 0, '2024-11-25 17:55:12', '2024-11-25 17:55:12'),
(4605, 13, 288, 3, '2022', 3, 1593, 0, '2024-11-25 17:55:12', '2024-11-25 17:55:12'),
(4606, 13, 287, 1, '2022', 2, 4, 0, '2024-11-25 17:55:12', '2024-11-25 17:55:12'),
(4607, 13, 277, 4, '2022', 1, 1, 0, '2024-11-25 17:55:12', '2024-11-25 17:55:12'),
(4608, 13, 279, 1, '2022', 1, 20, 1, '2024-11-25 17:55:12', '2024-11-25 17:55:12'),
(4609, 13, 282, 1, '2022', 2, 0, 0, '2024-11-25 17:55:12', '2024-11-25 17:55:12'),
(4610, 13, 282, 4, '2022', 1, 1, 0, '2024-11-25 17:55:12', '2024-11-25 17:55:12'),
(4611, 13, 286, 1, '2022', 2, 0, 0, '2024-11-25 17:55:12', '2024-11-25 17:55:12'),
(4612, 13, 276, 3, '2022', 1, 3, 1, '2024-11-25 17:55:12', '2024-11-25 17:55:12'),
(4613, 13, 276, 1, '2022', 1, 5, 0, '2024-11-25 17:55:12', '2024-11-25 17:55:12'),
(4614, 13, 271, 1, '2022', 2, 28, 1, '2024-11-25 17:55:12', '2024-11-25 17:55:12'),
(4615, 13, 271, 8, '2022', 1, 1, 0, '2024-11-25 17:55:12', '2024-11-25 17:55:12'),
(4616, 13, 272, 1, '2022', 2, 28, 1, '2024-11-25 17:55:12', '2024-11-25 17:55:12'),
(4617, 13, 289, 1, '2022', 1, 0, 0, '2024-11-25 17:55:12', '2024-11-25 17:55:12'),
(4618, 13, 287, 1, '2022', 1, 0, 0, '2024-11-25 17:55:12', '2024-11-25 17:55:12'),
(4619, 13, 266, 4, '2022', 1, 0, 0, '2024-11-25 17:55:12', '2024-11-25 17:55:12'),
(4620, 13, 267, 1, '2022', 1, 0, 0, '2024-11-25 17:55:12', '2024-11-25 17:55:12'),
(4621, 13, 269, 1, '2022', 1, 1, 0, '2024-11-25 17:55:12', '2024-11-25 17:55:12'),
(4622, 13, 270, 3, '2022', 3, 1404, 0, '2024-11-25 17:55:12', '2024-11-25 17:55:12'),
(4623, 13, 273, 4, '2022', 2, 3, 0, '2024-11-25 17:55:12', '2024-11-25 17:55:12'),
(4624, 13, 280, 3, '2022', 1, 3, 0, '2024-11-25 17:55:12', '2024-11-25 17:55:12'),
(4625, 13, 281, 3, '2022', 1, 35, 0, '2024-11-25 17:55:12', '2024-11-25 17:55:12'),
(4626, 13, 278, 1, '2022', 1, 3, 0, '2024-11-25 17:55:12', '2024-11-25 17:55:12'),
(4627, 13, 278, 10, '2022', 1, 2, 0, '2024-11-25 17:55:12', '2024-11-25 17:55:12'),
(4628, 33, 619, 1, '2022', 2, 2, 0, '2024-11-25 17:55:12', '2024-11-25 17:55:12'),
(4629, 33, 621, 1, '2022', 1, 0, 0, '2024-11-25 17:55:12', '2024-11-25 17:55:12'),
(4630, 33, 623, 1, '2022', 1, 0, 0, '2024-11-25 17:55:12', '2024-11-25 17:55:12'),
(4631, 33, 623, 8, '2022', 1, 1, 0, '2024-11-25 17:55:12', '2024-11-25 17:55:12'),
(4632, 33, 622, 1, '2022', 2, 3, 0, '2024-11-25 17:55:12', '2024-11-25 17:55:12'),
(4633, 33, 622, 3, '2022', 1, 0, 0, '2024-11-25 17:55:12', '2024-11-25 17:55:12'),
(4634, 33, 622, 8, '2022', 1, 1, 0, '2024-11-25 17:55:12', '2024-11-25 17:55:12'),
(4635, 33, 620, 1, '2022', 1, 0, 0, '2024-11-25 17:55:12', '2024-11-25 17:55:12'),
(4636, 33, 620, 3, '2022', 1, 119, 0, '2024-11-25 17:55:12', '2024-11-25 17:55:12'),
(4637, 27, 558, 1, '2022', 1, 0, 0, '2024-11-25 17:55:12', '2024-11-25 17:55:12'),
(4638, 27, 561, 3, '2022', 2, 14, 0, '2024-11-25 17:55:12', '2024-11-25 17:55:12'),
(4639, 27, 561, 1, '2022', 2, 23, 0, '2024-11-25 17:55:12', '2024-11-25 17:55:12'),
(4640, 27, 557, 1, '2022', 2, 3, 0, '2024-11-25 17:55:12', '2024-11-25 17:55:12'),
(4641, 27, 555, 1, '2022', 1, 0, 0, '2024-11-25 17:55:12', '2024-11-25 17:55:12'),
(4642, 27, 559, 1, '2022', 1, 0, 0, '2024-11-25 17:55:12', '2024-11-25 17:55:12'),
(4643, 27, 559, 3, '2022', 1, 0, 2, '2024-11-25 17:55:12', '2024-11-25 17:55:12'),
(4644, 27, 567, 4, '2022', 1, 0, 0, '2024-11-25 17:55:12', '2024-11-25 17:55:12'),
(4645, 27, 563, 4, '2022', 1, 0, 0, '2024-11-25 17:55:12', '2024-11-25 17:55:12'),
(4646, 27, 565, 1, '2022', 1, 1, 0, '2024-11-25 17:55:12', '2024-11-25 17:55:12'),
(4647, 27, 566, 1, '2022', 1, 48, 0, '2024-11-25 17:55:12', '2024-11-25 17:55:12'),
(4648, 15, 326, 1, '2022', 4, 52, 0, '2024-11-25 17:55:12', '2024-11-25 17:55:12'),
(4649, 15, 324, 1, '2022', 3, 20, 0, '2024-11-25 17:55:12', '2024-11-25 17:55:12'),
(4650, 15, 324, 8, '2022', 1, 5, 2, '2024-11-25 17:55:12', '2024-11-25 17:55:12'),
(4651, 15, 319, 1, '2022', 3, 89, 1, '2024-11-25 17:55:12', '2024-11-25 17:55:12'),
(4652, 15, 319, 3, '2022', 1, 3, 0, '2024-11-25 17:55:12', '2024-11-25 17:55:12'),
(4653, 15, 317, 1, '2022', 1, 28, 0, '2024-11-25 17:55:12', '2024-11-25 17:55:12'),
(4654, 15, 328, 1, '2022', 3, 95, 0, '2024-11-25 17:55:12', '2024-11-25 17:55:12'),
(4655, 15, 330, 1, '2022', 2, 25, 0, '2024-11-25 17:55:12', '2024-11-25 17:55:12'),
(4656, 15, 322, 8, '2022', 1, 1, 0, '2024-11-25 17:55:12', '2024-11-25 17:55:12'),
(4657, 15, 322, 1, '2022', 1, 16, 0, '2024-11-25 17:55:12', '2024-11-25 17:55:12'),
(4658, 15, 316, 1, '2022', 1, 6, 0, '2024-11-25 17:55:12', '2024-11-25 17:55:12'),
(4659, 15, 329, 1, '2022', 2, 99, 0, '2024-11-25 17:55:12', '2024-11-25 17:55:12'),
(4660, 15, 329, 8, '2022', 1, 1, 0, '2024-11-25 17:55:12', '2024-11-25 17:55:12'),
(4661, 15, 318, 3, '2022', 2, 25, 0, '2024-11-25 17:55:12', '2024-11-25 17:55:12'),
(4662, 15, 318, 1, '2022', 1, 8, 0, '2024-11-25 17:55:12', '2024-11-25 17:55:12'),
(4663, 15, 327, 1, '2022', 2, 136, 0, '2024-11-25 17:55:12', '2024-11-25 17:55:12'),
(4664, 15, 327, 8, '2022', 1, 1, 3, '2024-11-25 17:55:12', '2024-11-25 17:55:12'),
(4665, 15, 321, 1, '2022', 1, 31, 0, '2024-11-25 17:55:13', '2024-11-25 17:55:13'),
(4666, 15, 321, 8, '2022', 1, 1, 0, '2024-11-25 17:55:13', '2024-11-25 17:55:13'),
(4667, 15, 315, 8, '2022', 1, 1, 0, '2024-11-25 17:55:13', '2024-11-25 17:55:13'),
(4668, 15, 320, 8, '2022', 1, 1, 0, '2024-11-25 17:55:13', '2024-11-25 17:55:13'),
(4669, 12, 249, 8, '2022', 1, 1, 0, '2024-11-25 17:55:13', '2024-11-25 17:55:13'),
(4670, 12, 256, 1, '2022', 1, 0, 0, '2024-11-25 17:55:13', '2024-11-25 17:55:13'),
(4671, 12, 256, 8, '2022', 2, 2, 0, '2024-11-25 17:55:13', '2024-11-25 17:55:13'),
(4672, 12, 257, 1, '2022', 1, 1, 0, '2024-11-25 17:55:13', '2024-11-25 17:55:13'),
(4673, 12, 257, 3, '2022', 1, 12, 0, '2024-11-25 17:55:13', '2024-11-25 17:55:13'),
(4674, 12, 253, 1, '2022', 1, 0, 1, '2024-11-25 17:55:13', '2024-11-25 17:55:13'),
(4675, 12, 255, 1, '2022', 1, 0, 0, '2024-11-25 17:55:13', '2024-11-25 17:55:13'),
(4676, 12, 261, 1, '2022', 2, 1, 0, '2024-11-25 17:55:13', '2024-11-25 17:55:13'),
(4677, 12, 249, 1, '2022', 2, 2, 0, '2024-11-25 17:55:13', '2024-11-25 17:55:13'),
(4678, 12, 258, 1, '2022', 2, 96, 0, '2024-11-25 17:55:13', '2024-11-25 17:55:13'),
(4679, 12, 260, 1, '2022', 2, 3, 0, '2024-11-25 17:55:13', '2024-11-25 17:55:13'),
(4680, 12, 260, 8, '2022', 1, 1, 0, '2024-11-25 17:55:13', '2024-11-25 17:55:13'),
(4681, 12, 252, 1, '2022', 2, 18, 0, '2024-11-25 17:55:13', '2024-11-25 17:55:13'),
(4682, 12, 252, 3, '2022', 1, 145, 0, '2024-11-25 17:55:13', '2024-11-25 17:55:13'),
(4683, 12, 254, 1, '2022', 2, 2, 1, '2024-11-25 17:55:13', '2024-11-25 17:55:13'),
(4684, 12, 254, 4, '2022', 1, 1, 0, '2024-11-25 17:55:13', '2024-11-25 17:55:13'),
(4685, 12, 265, 3, '2022', 1, 3, 0, '2024-11-25 17:55:13', '2024-11-25 17:55:13'),
(4686, 12, 264, 8, '2022', 1, 1, 0, '2024-11-25 17:55:13', '2024-11-25 17:55:13'),
(4687, 12, 251, 4, '2022', 2, 0, 0, '2024-11-25 17:55:13', '2024-11-25 17:55:13'),
(4688, 12, 251, 1, '2022', 1, 0, 0, '2024-11-25 17:55:13', '2024-11-25 17:55:13'),
(4689, 12, 259, 1, '2022', 1, 2, 0, '2024-11-25 17:55:13', '2024-11-25 17:55:13'),
(4690, 12, 259, 3, '2022', 1, 139, 0, '2024-11-25 17:55:13', '2024-11-25 17:55:13'),
(4691, 12, 262, 8, '2022', 1, 2, 1, '2024-11-25 17:55:13', '2024-11-25 17:55:13'),
(4692, 12, 263, 8, '2022', 1, 1, 0, '2024-11-25 17:55:13', '2024-11-25 17:55:13'),
(4693, 29, 583, 1, '2022', 3, 34, 0, '2024-11-25 17:55:13', '2024-11-25 17:55:13'),
(4694, 29, 599, 1, '2022', 1, 1, 0, '2024-11-25 17:55:13', '2024-11-25 17:55:13'),
(4695, 29, 587, 1, '2022', 1, 1, 0, '2024-11-25 17:55:13', '2024-11-25 17:55:13'),
(4696, 29, 598, 3, '2022', 1, 43, 0, '2024-11-25 17:55:13', '2024-11-25 17:55:13'),
(4697, 29, 594, 1, '2022', 2, 1, 0, '2024-11-25 17:55:13', '2024-11-25 17:55:13'),
(4698, 29, 592, 1, '2022', 1, 1, 0, '2024-11-25 17:55:13', '2024-11-25 17:55:13'),
(4699, 29, 596, 5, '2022', 1, 15, 0, '2024-11-25 17:55:13', '2024-11-25 17:55:13'),
(4700, 29, 588, 8, '2022', 1, 1, 0, '2024-11-25 17:55:13', '2024-11-25 17:55:13'),
(4701, 29, 588, 3, '2022', 1, 60, 0, '2024-11-25 17:55:13', '2024-11-25 17:55:13'),
(4702, 29, 586, 2, '2022', 1, 13, 0, '2024-11-25 17:55:13', '2024-11-25 17:55:13'),
(4703, 29, 586, 3, '2022', 1, 455, 0, '2024-11-25 17:55:13', '2024-11-25 17:55:13'),
(4704, 29, 581, 3, '2022', 1, 0, 0, '2024-11-25 17:55:13', '2024-11-25 17:55:13'),
(4705, 29, 590, 1, '2022', 1, 5, 0, '2024-11-25 17:55:13', '2024-11-25 17:55:13'),
(4706, 29, 604, 10, '2022', 1, 3, 0, '2024-11-25 17:55:13', '2024-11-25 17:55:13'),
(4707, 29, 602, 10, '2022', 1, 3, 0, '2024-11-25 17:55:13', '2024-11-25 17:55:13'),
(4708, 29, 593, 3, '2022', 1, 6, 0, '2024-11-25 17:55:13', '2024-11-25 17:55:13'),
(4709, 37, 652, 8, '2022', 1, 1, 0, '2024-11-25 17:55:13', '2024-11-25 17:55:13'),
(4710, 37, 638, 8, '2022', 1, 1, 0, '2024-11-25 17:55:13', '2024-11-25 17:55:13'),
(4711, 37, 638, 1, '2022', 1, 0, 0, '2024-11-25 17:55:13', '2024-11-25 17:55:13'),
(4712, 37, 642, 1, '2022', 1, 1, 0, '2024-11-25 17:55:13', '2024-11-25 17:55:13'),
(4713, 37, 644, 1, '2022', 1, 0, 0, '2024-11-25 17:55:13', '2024-11-25 17:55:13'),
(4714, 37, 637, 1, '2022', 1, 3, 0, '2024-11-25 17:55:13', '2024-11-25 17:55:13'),
(4715, 37, 641, 1, '2022', 1, 0, 0, '2024-11-25 17:55:13', '2024-11-25 17:55:13'),
(4716, 37, 643, 1, '2022', 1, 2, 0, '2024-11-25 17:55:13', '2024-11-25 17:55:13'),
(4717, 37, 645, 1, '2022', 1, 0, 0, '2024-11-25 17:55:13', '2024-11-25 17:55:13'),
(4718, 37, 635, 1, '2022', 1, 1, 0, '2024-11-25 17:55:13', '2024-11-25 17:55:13'),
(4719, 37, 646, 1, '2022', 1, 0, 0, '2024-11-25 17:55:13', '2024-11-25 17:55:13'),
(4720, 37, 651, 1, '2022', 1, 0, 0, '2024-11-25 17:55:13', '2024-11-25 17:55:13'),
(4721, 37, 647, 1, '2022', 1, 2, 0, '2024-11-25 17:55:13', '2024-11-25 17:55:13'),
(4722, 37, 650, 1, '2022', 1, 0, 0, '2024-11-25 17:55:13', '2024-11-25 17:55:13'),
(4723, 37, 634, 1, '2022', 1, 2, 0, '2024-11-25 17:55:13', '2024-11-25 17:55:13'),
(4724, 3, 40, 4, '2022', 2, 6, 0, '2024-11-25 17:55:13', '2024-11-25 17:55:13'),
(4725, 3, 38, 4, '2022', 2, 4, 0, '2024-11-25 17:55:13', '2024-11-25 17:55:13'),
(4726, 3, 37, 1, '2022', 1, 0, 1, '2024-11-25 17:55:13', '2024-11-25 17:55:13'),
(4727, 3, 37, 3, '2022', 1, 0, 0, '2024-11-25 17:55:13', '2024-11-25 17:55:13'),
(4728, 3, 37, 4, '2022', 1, 1, 0, '2024-11-25 17:55:13', '2024-11-25 17:55:13'),
(4729, 3, 46, 1, '2022', 2, 3, 2, '2024-11-25 17:55:13', '2024-11-25 17:55:13'),
(4730, 3, 46, 4, '2022', 1, 1, 0, '2024-11-25 17:55:13', '2024-11-25 17:55:13'),
(4731, 3, 46, 3, '2022', 2, 0, 0, '2024-11-25 17:55:13', '2024-11-25 17:55:13'),
(4732, 3, 44, 1, '2022', 1, 1, 0, '2024-11-25 17:55:13', '2024-11-25 17:55:13'),
(4733, 3, 47, 4, '2022', 3, 2, 0, '2024-11-25 17:55:13', '2024-11-25 17:55:13'),
(4734, 3, 47, 1, '2022', 1, 0, 0, '2024-11-25 17:55:13', '2024-11-25 17:55:13'),
(4735, 3, 39, 4, '2022', 3, 1, 0, '2024-11-25 17:55:13', '2024-11-25 17:55:13'),
(4736, 3, 39, 1, '2022', 2, 2, 0, '2024-11-25 17:55:13', '2024-11-25 17:55:13'),
(4737, 3, 39, 5, '2022', 1, 15, 0, '2024-11-25 17:55:13', '2024-11-25 17:55:13'),
(4738, 3, 43, 1, '2022', 1, 1, 0, '2024-11-25 17:55:13', '2024-11-25 17:55:13'),
(4739, 3, 36, 4, '2022', 2, 7, 2, '2024-11-25 17:55:13', '2024-11-25 17:55:13'),
(4740, 3, 36, 3, '2022', 1, 64, 0, '2024-11-25 17:55:13', '2024-11-25 17:55:13'),
(4741, 3, 45, 1, '2022', 1, 2, 0, '2024-11-25 17:55:13', '2024-11-25 17:55:13'),
(4742, 3, 48, 1, '2022', 1, 1, 0, '2024-11-25 17:55:13', '2024-11-25 17:55:13'),
(4743, 3, 48, 4, '2022', 1, 16, 0, '2024-11-25 17:55:13', '2024-11-25 17:55:13'),
(4744, 3, 41, 3, '2022', 1, 0, 0, '2024-11-25 17:55:13', '2024-11-25 17:55:13'),
(4745, 3, 35, 3, '2022', 1, 0, 0, '2024-11-25 17:55:13', '2024-11-25 17:55:13'),
(4746, 3, 35, 4, '2022', 5, 41, 0, '2024-11-25 17:55:13', '2024-11-25 17:55:13'),
(4747, 3, 35, 5, '2022', 4, 18, 0, '2024-11-25 17:55:13', '2024-11-25 17:55:13'),
(4748, 23, 484, 1, '2022', 2, 1, 0, '2024-11-25 17:55:13', '2024-11-25 17:55:13'),
(4749, 23, 481, 2, '2022', 1, 11, 0, '2024-11-25 17:55:13', '2024-11-25 17:55:13'),
(4750, 23, 479, 4, '2022', 2, 0, 0, '2024-11-25 17:55:13', '2024-11-25 17:55:13'),
(4751, 23, 475, 1, '2022', 1, 0, 0, '2024-11-25 17:55:13', '2024-11-25 17:55:13'),
(4752, 23, 474, 4, '2022', 1, 0, 0, '2024-11-25 17:55:13', '2024-11-25 17:55:13'),
(4753, 23, 482, 1, '2022', 3, 0, 0, '2024-11-25 17:55:13', '2024-11-25 17:55:13'),
(4754, 23, 483, 1, '2022', 1, 0, 0, '2024-11-25 17:55:13', '2024-11-25 17:55:13'),
(4755, 23, 487, 3, '2022', 1, 527, 1, '2024-11-25 17:55:13', '2024-11-25 17:55:13'),
(4756, 23, 480, 3, '2022', 1, 0, 0, '2024-11-25 17:55:13', '2024-11-25 17:55:13'),
(4757, 23, 478, 1, '2022', 2, 20, 0, '2024-11-25 17:55:13', '2024-11-25 17:55:13'),
(4758, 23, 489, 3, '2022', 1, 45, 0, '2024-11-25 17:55:13', '2024-11-25 17:55:13'),
(4759, 23, 471, 3, '2022', 1, 35, 0, '2024-11-25 17:55:13', '2024-11-25 17:55:13'),
(4760, 23, 485, 1, '2022', 1, 13, 0, '2024-11-25 17:55:13', '2024-11-25 17:55:13'),
(4761, 4, 67, 1, '2022', 2, 6, 0, '2024-11-25 17:55:13', '2024-11-25 17:55:13'),
(4762, 4, 67, 4, '2022', 1, 2, 5, '2024-11-25 17:55:13', '2024-11-25 17:55:13'),
(4763, 4, 58, 1, '2022', 1, 1, 0, '2024-11-25 17:55:13', '2024-11-25 17:55:13'),
(4764, 4, 54, 1, '2022', 1, 2, 0, '2024-11-25 17:55:13', '2024-11-25 17:55:13'),
(4765, 4, 53, 5, '2022', 1, 4, 0, '2024-11-25 17:55:13', '2024-11-25 17:55:13'),
(4766, 4, 61, 1, '2022', 1, 27, 0, '2024-11-25 17:55:13', '2024-11-25 17:55:13'),
(4767, 4, 65, 1, '2022', 1, 14, 0, '2024-11-25 17:55:13', '2024-11-25 17:55:13'),
(4768, 4, 55, 3, '2022', 2, 106, 0, '2024-11-25 17:55:13', '2024-11-25 17:55:13'),
(4769, 4, 56, 1, '2022', 1, 14, 0, '2024-11-25 17:55:13', '2024-11-25 17:55:13'),
(4770, 4, 59, 1, '2022', 1, 76, 0, '2024-11-25 17:55:13', '2024-11-25 17:55:13');

-- --------------------------------------------------------

--
-- Struktur dari tabel `tb_jenisbencana`
--

CREATE TABLE `tb_jenisbencana` (
  `id` bigint(20) UNSIGNED NOT NULL,
  `nama_bencana` varchar(255) NOT NULL,
  `created_at` timestamp NULL DEFAULT NULL,
  `updated_at` timestamp NULL DEFAULT NULL
) ENGINE=InnoDB DEFAULT CHARSET=utf8mb4 COLLATE=utf8mb4_unicode_ci;

--
-- Dumping data untuk tabel `tb_jenisbencana`
--

INSERT INTO `tb_jenisbencana` (`id`, `nama_bencana`, `created_at`, `updated_at`) VALUES
(1, 'Angin Kencang', NULL, NULL),
(2, 'Angin Puting Beliung', NULL, NULL),
(3, 'Banjir', NULL, NULL),
(4, 'Tanah Longsor', NULL, NULL),
(5, 'Gerakan Tanah', NULL, NULL),
(6, 'Gunung Api', NULL, NULL),
(7, 'Abrasi', NULL, NULL),
(8, 'Kebakaran', NULL, NULL),
(9, 'Erosi', '2024-11-25 15:29:04', '2024-11-25 15:29:04'),
(10, 'Gelombang Pasang', '2024-11-25 15:38:31', '2024-11-25 15:38:31');

-- --------------------------------------------------------

--
-- Struktur dari tabel `tb_kecamatan`
--

CREATE TABLE `tb_kecamatan` (
  `id` bigint(20) UNSIGNED NOT NULL,
  `id_kotakab` bigint(20) UNSIGNED NOT NULL,
  `nama_kecamatan` varchar(255) NOT NULL,
  `created_at` timestamp NULL DEFAULT NULL,
  `updated_at` timestamp NULL DEFAULT NULL
) ENGINE=InnoDB DEFAULT CHARSET=utf8mb4 COLLATE=utf8mb4_unicode_ci;

--
-- Dumping data untuk tabel `tb_kecamatan`
--

INSERT INTO `tb_kecamatan` (`id`, `id_kotakab`, `nama_kecamatan`, `created_at`, `updated_at`) VALUES
(2, 1, 'DONOROJO', '2024-10-24 08:43:53', NULL),
(3, 1, 'PUNUNG', '2024-10-24 08:43:53', NULL),
(4, 1, 'PRINGKUKU', '2024-10-24 08:43:53', NULL),
(5, 1, 'PACITAN', '2024-10-24 08:43:53', NULL),
(6, 1, 'KEBONAGUNG', '2024-10-24 08:43:53', NULL),
(7, 1, 'ARJOSARI', '2024-10-24 08:43:53', NULL),
(8, 1, 'NAWANGAN', '2024-10-24 08:43:53', NULL),
(9, 1, 'BANDAR', '2024-10-24 08:43:53', NULL),
(10, 1, 'TEGALOMBO', '2024-10-24 08:43:53', NULL),
(11, 1, 'TULAKAN', '2024-10-24 08:43:53', NULL),
(12, 1, 'NGADIROJO', '2024-10-24 08:43:53', NULL),
(13, 1, 'SUDIMORO', '2024-10-24 08:43:53', NULL),
(14, 2, 'NGRAYUN', '2024-10-24 08:43:53', NULL),
(15, 2, 'SLAHUNG', '2024-10-24 08:43:53', NULL),
(16, 2, 'BUNGKAL', '2024-10-24 08:43:53', NULL),
(17, 2, 'SAMBIT', '2024-10-24 08:43:53', NULL),
(18, 2, 'SAWOO', '2024-10-24 08:43:53', NULL),
(19, 2, 'SOOKO', '2024-10-24 08:43:53', NULL),
(20, 2, 'PUDAK', '2024-10-24 08:43:53', NULL),
(21, 2, 'PULUNG', '2024-10-24 08:43:53', NULL),
(22, 2, 'MLARAK', '2024-10-24 08:43:53', NULL),
(23, 2, 'SIMAN', '2024-10-24 08:43:53', NULL),
(24, 2, 'JETIS', '2024-10-24 08:43:53', NULL),
(25, 2, 'BALONG', '2024-10-24 08:43:53', NULL),
(26, 2, 'KAUMAN', '2024-10-24 08:43:53', NULL),
(27, 2, 'JAMBON', '2024-10-24 08:43:53', NULL),
(28, 2, 'BADEGAN', '2024-10-24 08:43:53', NULL),
(29, 2, 'SAMPUNG', '2024-10-24 08:43:53', NULL),
(30, 2, 'SUKOREJO', '2024-10-24 08:43:53', NULL),
(31, 2, 'PONOROGO', '2024-10-24 08:43:53', NULL),
(32, 2, 'BABADAN', '2024-10-24 08:43:53', NULL),
(33, 2, 'JENANGAN', '2024-10-24 08:43:53', NULL),
(34, 2, 'NGEBEL', '2024-10-24 08:43:53', NULL),
(35, 3, 'PANGGUL', '2024-10-24 08:43:53', NULL),
(36, 3, 'MUNJUNGAN', '2024-10-24 08:43:53', NULL),
(37, 3, 'WATULIMO', '2024-10-24 08:43:53', NULL),
(38, 3, 'KAMPAK', '2024-10-24 08:43:53', NULL),
(39, 3, 'DONGKO', '2024-10-24 08:43:53', NULL),
(40, 3, 'PULE', '2024-10-24 08:43:53', NULL),
(41, 3, 'KARANGAN', '2024-10-24 08:43:53', NULL),
(42, 3, 'SURUH', '2024-10-24 08:43:53', NULL),
(43, 3, 'GANDUSARI', '2024-10-24 08:43:53', NULL),
(44, 3, 'DURENAN', '2024-10-24 08:43:53', NULL),
(45, 3, 'POGALAN', '2024-10-24 08:43:53', NULL),
(46, 3, 'TRENGGALEK', '2024-10-24 08:43:53', NULL),
(47, 3, 'TUGU', '2024-10-24 08:43:53', NULL),
(48, 3, 'BENDUNGAN', '2024-10-24 08:43:53', NULL),
(49, 4, 'BESUKI', '2024-10-24 08:43:53', NULL),
(50, 4, 'BANDUNG', '2024-10-24 08:43:53', NULL),
(51, 4, 'PAKEL', '2024-10-24 08:43:53', NULL),
(52, 4, 'CAMPUR DARAT', '2024-10-24 08:43:53', NULL),
(53, 4, 'TANGGUNG GUNUNG', '2024-10-24 08:43:53', NULL),
(54, 4, 'KALIDAWIR', '2024-10-24 08:43:53', NULL),
(55, 4, 'PUCANG LABAN', '2024-10-24 08:43:53', NULL),
(56, 4, 'REJOTANGAN', '2024-10-24 08:43:53', NULL),
(57, 4, 'NGUNUT', '2024-10-24 08:43:53', NULL),
(58, 4, 'SUMBERGEMPOL', '2024-10-24 08:43:53', NULL),
(59, 4, 'BOYOLANGU', '2024-10-24 08:43:53', NULL),
(60, 4, 'TULUNGAGUNG', '2024-10-24 08:43:53', NULL),
(61, 4, 'KEDUNGWARU', '2024-10-24 08:43:53', NULL),
(62, 4, 'NGANTRU', '2024-10-24 08:43:53', NULL),
(63, 4, 'KARANGREJO', '2024-10-24 08:43:53', NULL),
(64, 4, 'KAUMAN', '2024-10-24 08:43:53', NULL),
(65, 4, 'GONDANG', '2024-10-24 08:43:53', NULL),
(66, 4, 'PAGERWOJO', '2024-10-24 08:43:53', NULL),
(67, 4, 'SENDANG', '2024-10-24 08:43:53', NULL),
(68, 5, 'BAKUNG', '2024-10-24 08:43:53', NULL),
(69, 5, 'WONOTIRTO', '2024-10-24 08:43:53', NULL),
(70, 5, 'PANGGUNGREJO', '2024-10-24 08:43:53', NULL),
(71, 5, 'WATES', '2024-10-24 08:43:53', NULL),
(72, 5, 'BINANGUN', '2024-10-24 08:43:53', NULL),
(73, 5, 'SUTOJAYAN', '2024-10-24 08:43:53', NULL),
(74, 5, 'KADEMANGAN', '2024-10-24 08:43:53', NULL),
(75, 5, 'KANIGORO', '2024-10-24 08:43:53', NULL),
(76, 5, 'TALUN', '2024-10-24 08:43:53', NULL),
(77, 5, 'SELOPURO', '2024-10-24 08:43:53', NULL),
(78, 5, 'KESAMBEN', '2024-10-24 08:43:53', NULL),
(79, 5, 'SELOREJO', '2024-10-24 08:43:53', NULL),
(80, 5, 'DOKO', '2024-10-24 08:43:53', NULL),
(81, 5, 'WLINGI', '2024-10-24 08:43:53', NULL),
(82, 5, 'GANDUSARI', '2024-10-24 08:43:53', NULL),
(83, 5, 'GARUM', '2024-10-24 08:43:53', NULL),
(84, 5, 'NGLEGOK', '2024-10-24 08:43:53', NULL),
(85, 5, 'SANANKULON', '2024-10-24 08:43:53', NULL),
(86, 5, 'PONGGOK', '2024-10-24 08:43:53', NULL),
(87, 5, 'SRENGAT', '2024-10-24 08:43:53', NULL),
(88, 5, 'WONODADI', '2024-10-24 08:43:53', NULL),
(89, 5, 'UDANAWU', '2024-10-24 08:43:53', NULL),
(90, 6, 'MOJO', '2024-10-24 08:43:53', NULL),
(91, 6, 'SEMEN', '2024-10-24 08:43:53', NULL),
(92, 6, 'NGADILUWIH', '2024-10-24 08:43:53', NULL),
(93, 6, 'KRAS', '2024-10-24 08:43:53', NULL),
(94, 6, 'RINGINREJO', '2024-10-24 08:43:53', NULL),
(95, 6, 'KANDAT', '2024-10-24 08:43:53', NULL),
(96, 6, 'WATES', '2024-10-24 08:43:53', NULL),
(97, 6, 'NGANCAR', '2024-10-24 08:43:53', NULL),
(98, 6, 'PLOSOKLATEN', '2024-10-24 08:43:53', NULL),
(99, 6, 'GURAH', '2024-10-24 08:43:53', NULL),
(100, 6, 'PUNCU', '2024-10-24 08:43:53', NULL),
(101, 6, 'KEPUNG', '2024-10-24 08:43:53', NULL),
(102, 6, 'KANDANGAN', '2024-10-24 08:43:53', NULL),
(103, 6, 'PARE', '2024-10-24 08:43:53', NULL),
(104, 6, 'BADAS', '2024-10-24 08:43:53', NULL),
(105, 6, 'KUNJANG', '2024-10-24 08:43:53', NULL),
(106, 6, 'PLEMAHAN', '2024-10-24 08:43:53', NULL),
(107, 6, 'PURWOASRI', '2024-10-24 08:43:53', NULL),
(108, 6, 'PAPAR', '2024-10-24 08:43:53', NULL),
(109, 6, 'PAGU', '2024-10-24 08:43:53', NULL),
(110, 6, 'KAYEN KIDUL', '2024-10-24 08:43:53', NULL),
(111, 6, 'GAMPENGREJO', '2024-10-24 08:43:53', NULL),
(112, 6, 'NGASEM', '2024-10-24 08:43:53', NULL),
(113, 6, 'BANYAKAN', '2024-10-24 08:43:53', NULL),
(114, 6, 'GROGOL', '2024-10-24 08:43:53', NULL),
(115, 6, 'TAROKAN', '2024-10-24 08:43:53', NULL),
(116, 7, 'DONOMULYO', '2024-10-24 08:43:53', NULL),
(117, 7, 'KALIPARE', '2024-10-24 08:43:53', NULL),
(118, 7, 'PAGAK', '2024-10-24 08:43:53', NULL),
(119, 7, 'BANTUR', '2024-10-24 08:43:53', NULL),
(120, 7, 'GEDANGAN', '2024-10-24 08:43:53', NULL),
(121, 7, 'SUMBERMANJING', '2024-10-24 08:43:53', NULL),
(122, 7, 'DAMPIT', '2024-10-24 08:43:53', NULL),
(123, 7, 'TIRTO YUDO', '2024-10-24 08:43:53', NULL),
(124, 7, 'AMPELGADING', '2024-10-24 08:43:53', NULL),
(125, 7, 'PONCOKUSUMO', '2024-10-24 08:43:53', NULL),
(126, 7, 'WAJAK', '2024-10-24 08:43:53', NULL),
(127, 7, 'TUREN', '2024-10-24 08:43:53', NULL),
(128, 7, 'BULULAWANG', '2024-10-24 08:43:53', NULL),
(129, 7, 'GONDANGLEGI', '2024-10-24 08:43:53', NULL),
(130, 7, 'PAGELARAN', '2024-10-24 08:43:53', NULL),
(131, 7, 'KEPANJEN', '2024-10-24 08:43:53', NULL),
(132, 7, 'SUMBER PUCUNG', '2024-10-24 08:43:53', NULL),
(133, 7, 'KROMENGAN', '2024-10-24 08:43:53', NULL),
(134, 7, 'NGAJUM', '2024-10-24 08:43:53', NULL),
(135, 7, 'WONOSARI', '2024-10-24 08:43:53', NULL),
(136, 7, 'WAGIR', '2024-10-24 08:43:53', NULL),
(137, 7, 'PAKISAJI', '2024-10-24 08:43:53', NULL),
(138, 7, 'TAJINAN', '2024-10-24 08:43:53', NULL),
(139, 7, 'TUMPANG', '2024-10-24 08:43:53', NULL),
(140, 7, 'PAKIS', '2024-10-24 08:43:53', NULL),
(141, 7, 'JABUNG', '2024-10-24 08:43:53', NULL),
(142, 7, 'LAWANG', '2024-10-24 08:43:53', NULL),
(143, 7, 'SINGOSARI', '2024-10-24 08:43:53', NULL),
(144, 7, 'KARANGPLOSO', '2024-10-24 08:43:53', NULL),
(145, 7, 'DAU', '2024-10-24 08:43:53', NULL),
(146, 7, 'PUJON', '2024-10-24 08:43:53', NULL),
(147, 7, 'NGANTANG', '2024-10-24 08:43:53', NULL),
(148, 7, 'KASEMBON', '2024-10-24 08:43:53', NULL),
(149, 8, 'TEMPURSARI', '2024-10-24 08:43:53', NULL),
(150, 8, 'PRONOJIWO', '2024-10-24 08:43:53', NULL),
(151, 8, 'CANDIPURO', '2024-10-24 08:43:53', NULL),
(152, 8, 'PASIRIAN', '2024-10-24 08:43:53', NULL),
(153, 8, 'TEMPEH', '2024-10-24 08:43:53', NULL),
(154, 8, 'LUMAJANG', '2024-10-24 08:43:53', NULL),
(155, 8, 'SUMBERSUKO', '2024-10-24 08:43:53', NULL),
(156, 8, 'TEKUNG', '2024-10-24 08:43:53', NULL),
(157, 8, 'KUNIR', '2024-10-24 08:43:53', NULL),
(158, 8, 'YOSOWILANGUN', '2024-10-24 08:43:53', NULL),
(159, 8, 'ROWOKANGKUNG', '2024-10-24 08:43:53', NULL),
(160, 8, 'JATIROTO', '2024-10-24 08:43:53', NULL),
(161, 8, 'RANDUAGUNG', '2024-10-24 08:43:53', NULL),
(162, 8, 'SUKODONO', '2024-10-24 08:43:53', NULL),
(163, 8, 'PADANG', '2024-10-24 08:43:53', NULL),
(164, 8, 'PASRUJAMBE', '2024-10-24 08:43:53', NULL),
(165, 8, 'SENDURO', '2024-10-24 08:43:53', NULL),
(166, 8, 'GUCIALIT', '2024-10-24 08:43:53', NULL),
(167, 8, 'KEDUNGJAJANG', '2024-10-24 08:43:53', NULL),
(168, 8, 'KLAKAH', '2024-10-24 08:43:53', NULL),
(169, 8, 'RANUYOSO', '2024-10-24 08:43:53', NULL),
(170, 9, 'KENCONG', '2024-10-24 08:43:53', NULL),
(171, 9, 'GUMUKMAS', '2024-10-24 08:43:53', NULL),
(172, 9, 'PUGER', '2024-10-24 08:43:53', NULL),
(173, 9, 'WULUHAN', '2024-10-24 08:43:53', NULL),
(174, 9, 'AMBULU', '2024-10-24 08:43:53', NULL),
(175, 9, 'TEMPUREJO', '2024-10-24 08:43:53', NULL),
(176, 9, 'SILO', '2024-10-24 08:43:53', NULL),
(177, 9, 'MAYANG', '2024-10-24 08:43:53', NULL),
(178, 9, 'MUMBULSARI', '2024-10-24 08:43:53', NULL),
(179, 9, 'JENGGAWAH', '2024-10-24 08:43:53', NULL),
(180, 9, 'AJUNG', '2024-10-24 08:43:53', NULL),
(181, 9, 'RAMBIPUJI', '2024-10-24 08:43:53', NULL),
(182, 9, 'BALUNG', '2024-10-24 08:43:53', NULL),
(183, 9, 'UMBULSARI', '2024-10-24 08:43:53', NULL),
(184, 9, 'SEMBORO', '2024-10-24 08:43:53', NULL),
(185, 9, 'JOMBANG', '2024-10-24 08:43:53', NULL),
(186, 9, 'SUMBERBARU', '2024-10-24 08:43:53', NULL),
(187, 9, 'TANGGUL', '2024-10-24 08:43:53', NULL),
(188, 9, 'BANGSALSARI', '2024-10-24 08:43:53', NULL),
(189, 9, 'PANTI', '2024-10-24 08:43:53', NULL),
(190, 9, 'SUKORAMBI', '2024-10-24 08:43:53', NULL),
(191, 9, 'ARJASA', '2024-10-24 08:43:53', NULL),
(192, 9, 'PAKUSARI', '2024-10-24 08:43:53', NULL),
(193, 9, 'KALISAT', '2024-10-24 08:43:53', NULL),
(194, 9, 'LEDOKOMBO', '2024-10-24 08:43:53', NULL),
(195, 9, 'SUMBERJAMBE', '2024-10-24 08:43:53', NULL),
(196, 9, 'SUKOWONO', '2024-10-24 08:43:53', NULL),
(197, 9, 'JELBUK', '2024-10-24 08:43:53', NULL),
(198, 9, 'KALIWATES', '2024-10-24 08:43:53', NULL),
(199, 9, 'SUMBERSARI', '2024-10-24 08:43:53', NULL),
(200, 9, 'PATRANG', '2024-10-24 08:43:53', NULL),
(201, 10, 'PESANGGARAN', '2024-10-24 08:43:53', NULL),
(202, 10, 'SILIRAGUNG', '2024-10-24 08:43:53', NULL),
(203, 10, 'BANGOREJO', '2024-10-24 08:43:53', NULL),
(204, 10, 'PURWOHARJO', '2024-10-24 08:43:53', NULL),
(205, 10, 'TEGALDLIMO', '2024-10-24 08:43:53', NULL),
(206, 10, 'MUNCAR', '2024-10-24 08:43:53', NULL),
(207, 10, 'CLURING', '2024-10-24 08:43:53', NULL),
(208, 10, 'GAMBIRAN', '2024-10-24 08:43:53', NULL),
(209, 10, 'TEGALSARI', '2024-10-24 08:43:53', NULL),
(210, 10, 'GLENMORE', '2024-10-24 08:43:53', NULL),
(211, 10, 'KALIBARU', '2024-10-24 08:43:53', NULL),
(212, 10, 'GENTENG', '2024-10-24 08:43:53', NULL),
(213, 10, 'SRONO', '2024-10-24 08:43:53', NULL),
(214, 10, 'ROGOJAMPI', '2024-10-24 08:43:53', NULL),
(215, 10, 'BLIMBINGSARI', '2024-10-24 08:43:53', NULL),
(216, 10, 'KABAT', '2024-10-24 08:43:53', NULL),
(217, 10, 'SINGOJURUH', '2024-10-24 08:43:53', NULL),
(218, 10, 'SEMPU', '2024-10-24 08:43:53', NULL),
(219, 10, 'SONGGON', '2024-10-24 08:43:53', NULL),
(220, 10, 'GLAGAH', '2024-10-24 08:43:53', NULL),
(221, 10, 'LICIN', '2024-10-24 08:43:53', NULL),
(222, 10, 'BANYUWANGI', '2024-10-24 08:43:53', NULL),
(223, 10, 'GIRI', '2024-10-24 08:43:53', NULL),
(224, 10, 'KALIPURO', '2024-10-24 08:43:53', NULL),
(225, 10, 'WONGSOREJO', '2024-10-24 08:43:53', NULL),
(226, 11, 'MAESAN', '2024-10-24 08:43:53', NULL),
(227, 11, 'GRUJUGAN', '2024-10-24 08:43:53', NULL),
(228, 11, 'TAMANAN', '2024-10-24 08:43:53', NULL),
(229, 11, 'JAMBESARI DARUS SHOLAH', '2024-10-24 08:43:53', NULL),
(230, 11, 'PUJER', '2024-10-24 08:43:53', NULL),
(231, 11, 'TLOGOSARI', '2024-10-24 08:43:53', NULL),
(232, 11, 'SUKOSARI', '2024-10-24 08:43:53', NULL),
(233, 11, 'SUMBER WRINGIN', '2024-10-24 08:43:53', NULL),
(234, 11, 'TAPEN', '2024-10-24 08:43:53', NULL),
(235, 11, 'WONOSARI', '2024-10-24 08:43:53', NULL),
(236, 11, 'TENGGARANG', '2024-10-24 08:43:53', NULL),
(237, 11, 'BONDOWOSO', '2024-10-24 08:43:53', NULL),
(238, 11, 'CURAH DAMI', '2024-10-24 08:43:53', NULL),
(239, 11, 'BINAKAL', '2024-10-24 08:43:53', NULL),
(240, 11, 'PAKEM', '2024-10-24 08:43:53', NULL),
(241, 11, 'WRINGIN', '2024-10-24 08:43:53', NULL),
(242, 11, 'TEGALAMPEL', '2024-10-24 08:43:53', NULL),
(243, 11, 'TAMAN KROCOK', '2024-10-24 08:43:53', NULL),
(244, 11, 'KLABANG', '2024-10-24 08:43:53', NULL),
(245, 11, 'IJEN', '2024-10-24 08:43:53', NULL),
(246, 11, 'BOTOLINGGO', '2024-10-24 08:43:53', NULL),
(247, 11, 'PRAJEKAN', '2024-10-24 08:43:53', NULL),
(248, 11, 'CERMEE', '2024-10-24 08:43:53', NULL),
(249, 12, 'SUMBERMALANG', '2024-10-24 08:43:53', NULL),
(250, 12, 'JATIBANTENG', '2024-10-24 08:43:53', NULL),
(251, 12, 'BANYUGLUGUR', '2024-10-24 08:43:53', NULL),
(252, 12, 'BESUKI', '2024-10-24 08:43:53', NULL),
(253, 12, 'SUBOH', '2024-10-24 08:43:53', NULL),
(254, 12, 'MLANDINGAN', '2024-10-24 08:43:53', NULL),
(255, 12, 'BUNGATAN', '2024-10-24 08:43:53', NULL),
(256, 12, 'KENDIT', '2024-10-24 08:43:53', NULL),
(257, 12, 'PANARUKAN', '2024-10-24 08:43:53', NULL),
(258, 12, 'SITUBONDO', '2024-10-24 08:43:53', NULL),
(259, 12, 'MANGARAN', '2024-10-24 08:43:53', NULL),
(260, 12, 'PANJI', '2024-10-24 08:43:53', NULL),
(261, 12, 'KAPONGAN', '2024-10-24 08:43:53', NULL),
(262, 12, 'ARJASA', '2024-10-24 08:43:53', NULL),
(263, 12, 'JANGKAR', '2024-10-24 08:43:53', NULL),
(264, 12, 'ASEMBAGUS', '2024-10-24 08:43:53', NULL),
(265, 12, 'BANYUPUTIH', '2024-10-24 08:43:53', NULL),
(266, 13, 'SUKAPURA', '2024-10-24 08:43:53', NULL),
(267, 13, 'SUMBER', '2024-10-24 08:43:53', NULL),
(268, 13, 'KURIPAN', '2024-10-24 08:43:53', NULL),
(269, 13, 'BANTARAN', '2024-10-24 08:43:53', NULL),
(270, 13, 'LECES', '2024-10-24 08:43:53', NULL),
(271, 13, 'TEGALSIWALAN', '2024-10-24 08:43:53', NULL),
(272, 13, 'BANYUANYAR', '2024-10-24 08:43:53', NULL),
(273, 13, 'TIRIS', '2024-10-24 08:43:53', NULL),
(274, 13, 'KRUCIL', '2024-10-24 08:43:53', NULL),
(275, 13, 'GADING', '2024-10-24 08:43:53', NULL),
(276, 13, 'PAKUNIRAN', '2024-10-24 08:43:53', NULL),
(277, 13, 'KOTAANYAR', '2024-10-24 08:43:53', NULL),
(278, 13, 'PAITON', '2024-10-24 08:43:53', NULL),
(279, 13, 'BESUK', '2024-10-24 08:43:53', NULL),
(280, 13, 'KRAKSAAN', '2024-10-24 08:43:53', NULL),
(281, 13, 'KREJENGAN', '2024-10-24 08:43:53', NULL),
(282, 13, 'PAJARAKAN', '2024-10-24 08:43:53', NULL),
(283, 13, 'MARON', '2024-10-24 08:43:53', NULL),
(284, 13, 'GENDING', '2024-10-24 08:43:53', NULL),
(285, 13, 'DRINGU', '2024-10-24 08:43:53', NULL),
(286, 13, 'WONOMERTO', '2024-10-24 08:43:53', NULL),
(287, 13, 'LUMBANG', '2024-10-24 08:43:53', NULL),
(288, 13, 'TONGAS', '2024-10-24 08:43:53', NULL),
(289, 13, 'SUMBERASIH', '2024-10-24 08:43:53', NULL),
(290, 14, 'PURWODADI', '2024-10-24 08:43:53', NULL),
(291, 14, 'TUTUR', '2024-10-24 08:43:53', NULL),
(292, 14, 'PUSPO', '2024-10-24 08:43:53', NULL),
(293, 14, 'TOSARI', '2024-10-24 08:43:53', NULL),
(294, 14, 'LUMBANG', '2024-10-24 08:43:53', NULL),
(295, 14, 'PASREPAN', '2024-10-24 08:43:53', NULL),
(296, 14, 'KEJAYAN', '2024-10-24 08:43:53', NULL),
(297, 14, 'WONOREJO', '2024-10-24 08:43:53', NULL),
(298, 14, 'PURWOSARI', '2024-10-24 08:43:53', NULL),
(299, 14, 'PRIGEN', '2024-10-24 08:43:53', NULL),
(300, 14, 'SUKOREJO', '2024-10-24 08:43:53', NULL),
(301, 14, 'PANDAAN', '2024-10-24 08:43:53', NULL),
(302, 14, 'GEMPOL', '2024-10-24 08:43:53', NULL),
(303, 14, 'BEJI', '2024-10-24 08:43:53', NULL),
(304, 14, 'BANGIL', '2024-10-24 08:43:53', NULL),
(305, 14, 'REMBANG', '2024-10-24 08:43:53', NULL),
(306, 14, 'KRATON', '2024-10-24 08:43:53', NULL),
(307, 14, 'POHJENTREK', '2024-10-24 08:43:53', NULL),
(308, 14, 'GONDANG WETAN', '2024-10-24 08:43:53', NULL),
(309, 14, 'REJOSO', '2024-10-24 08:43:53', NULL),
(310, 14, 'WINONGAN', '2024-10-24 08:43:53', NULL),
(311, 14, 'GRATI', '2024-10-24 08:43:53', NULL),
(312, 14, 'LEKOK', '2024-10-24 08:43:53', NULL),
(313, 14, 'NGULING', '2024-10-24 08:43:53', NULL),
(314, 15, 'TARIK', '2024-10-24 08:43:53', NULL),
(315, 15, 'PRAMBON', '2024-10-24 08:43:53', NULL),
(316, 15, 'KREMBUNG', '2024-10-24 08:43:53', NULL),
(317, 15, 'PORONG', '2024-10-24 08:43:53', NULL),
(318, 15, 'JABON', '2024-10-24 08:43:53', NULL),
(319, 15, 'TANGGULANGIN', '2024-10-24 08:43:53', NULL),
(320, 15, 'CANDI', '2024-10-24 08:43:53', NULL),
(321, 15, 'TULANGAN', '2024-10-24 08:43:53', NULL),
(322, 15, 'WONOAYU', '2024-10-24 08:43:53', NULL),
(323, 15, 'SUKODONO', '2024-10-24 08:43:53', NULL),
(324, 15, 'SIDOARJO', '2024-10-24 08:43:53', NULL),
(325, 15, 'BUDURAN', '2024-10-24 08:43:53', NULL),
(326, 15, 'SEDATI', '2024-10-24 08:43:53', NULL),
(327, 15, 'WARU', '2024-10-24 08:43:53', NULL),
(328, 15, 'GEDANGAN', '2024-10-24 08:43:53', NULL),
(329, 15, 'TAMAN', '2024-10-24 08:43:53', NULL),
(330, 15, 'KRIAN', '2024-10-24 08:43:53', NULL),
(331, 15, 'BALONG BENDO', '2024-10-24 08:43:53', NULL),
(332, 16, 'JATIREJO', '2024-10-24 08:43:53', NULL),
(333, 16, 'GONDANG', '2024-10-24 08:43:53', NULL),
(334, 16, 'PACET', '2024-10-24 08:43:53', NULL),
(335, 16, 'TRAWAS', '2024-10-24 08:43:53', NULL),
(336, 16, 'NGORO', '2024-10-24 08:43:53', NULL),
(337, 16, 'PUNGGING', '2024-10-24 08:43:53', NULL),
(338, 16, 'KUTOREJO', '2024-10-24 08:43:53', NULL),
(339, 16, 'MOJOSARI', '2024-10-24 08:43:53', NULL),
(340, 16, 'BANGSAL', '2024-10-24 08:43:53', NULL),
(341, 16, 'MOJOANYAR', '2024-10-24 08:43:53', NULL),
(342, 16, 'DLANGGU', '2024-10-24 08:43:53', NULL),
(343, 16, 'PURI', '2024-10-24 08:43:53', NULL),
(344, 16, 'TROWULAN', '2024-10-24 08:43:53', NULL),
(345, 16, 'SOOKO', '2024-10-24 08:43:54', NULL),
(346, 16, 'GEDEK', '2024-10-24 08:43:54', NULL),
(347, 16, 'KEMLAGI', '2024-10-24 08:43:54', NULL),
(348, 16, 'JETIS', '2024-10-24 08:43:54', NULL),
(349, 16, 'DAWARBLANDONG', '2024-10-24 08:43:54', NULL),
(350, 17, 'BANDAR KEDUNG MULYO', '2024-10-24 08:43:54', NULL),
(351, 17, 'PERAK', '2024-10-24 08:43:54', NULL),
(352, 17, 'GUDO', '2024-10-24 08:43:54', NULL),
(353, 17, 'DIWEK', '2024-10-24 08:43:54', NULL),
(354, 17, 'NGORO', '2024-10-24 08:43:54', NULL),
(355, 17, 'MOJOWARNO', '2024-10-24 08:43:54', NULL),
(356, 17, 'BARENG', '2024-10-24 08:43:54', NULL),
(357, 17, 'WONOSALAM', '2024-10-24 08:43:54', NULL),
(358, 17, 'MOJOAGUNG', '2024-10-24 08:43:54', NULL),
(359, 17, 'SUMOBITO', '2024-10-24 08:43:54', NULL),
(360, 17, 'JOGO ROTO', '2024-10-24 08:43:54', NULL),
(361, 17, 'PETERONGAN', '2024-10-24 08:43:54', NULL),
(362, 17, 'JOMBANG', '2024-10-24 08:43:54', NULL),
(363, 17, 'MEGALUH', '2024-10-24 08:43:54', NULL),
(364, 17, 'TEMBELANG', '2024-10-24 08:43:54', NULL),
(365, 17, 'KESAMBEN', '2024-10-24 08:43:54', NULL),
(366, 17, 'KUDU', '2024-10-24 08:43:54', NULL),
(367, 17, 'NGUSIKAN', '2024-10-24 08:43:54', NULL),
(368, 17, 'PLOSO', '2024-10-24 08:43:54', NULL),
(369, 17, 'KABUH', '2024-10-24 08:43:54', NULL),
(370, 17, 'PLANDAAN', '2024-10-24 08:43:54', NULL),
(371, 18, 'SAWAHAN', '2024-10-24 08:43:54', NULL),
(372, 18, 'NGETOS', '2024-10-24 08:43:54', NULL),
(373, 18, 'BERBEK', '2024-10-24 08:43:54', NULL),
(374, 18, 'LOCERET', '2024-10-24 08:43:54', NULL),
(375, 18, 'PACE', '2024-10-24 08:43:54', NULL),
(376, 18, 'TANJUNGANOM', '2024-10-24 08:43:54', NULL),
(377, 18, 'PRAMBON', '2024-10-24 08:43:54', NULL),
(378, 18, 'NGRONGGOT', '2024-10-24 08:43:54', NULL),
(379, 18, 'KERTOSONO', '2024-10-24 08:43:54', NULL),
(380, 18, 'PATIANROWO', '2024-10-24 08:43:54', NULL),
(381, 18, 'BARON', '2024-10-24 08:43:54', NULL),
(382, 18, 'GONDANG', '2024-10-24 08:43:54', NULL),
(383, 18, 'SUKOMORO', '2024-10-24 08:43:54', NULL),
(384, 18, 'NGANJUK', '2024-10-24 08:43:54', NULL),
(385, 18, 'BAGOR', '2024-10-24 08:43:54', NULL),
(386, 18, 'WILANGAN', '2024-10-24 08:43:54', NULL),
(387, 18, 'REJOSO', '2024-10-24 08:43:54', NULL),
(388, 18, 'NGLUYU', '2024-10-24 08:43:54', NULL),
(389, 18, 'LENGKONG', '2024-10-24 08:43:54', NULL),
(390, 18, 'JATIKALEN', '2024-10-24 08:43:54', NULL),
(391, 19, 'KEBONSARI', '2024-10-24 08:43:54', NULL),
(392, 19, 'GEGER', '2024-10-24 08:43:54', NULL),
(393, 19, 'DOLOPO', '2024-10-24 08:43:54', NULL),
(394, 19, 'DAGANGAN', '2024-10-24 08:43:54', NULL),
(395, 19, 'WUNGU', '2024-10-24 08:43:54', NULL),
(396, 19, 'KARE', '2024-10-24 08:43:54', NULL),
(397, 19, 'GEMARANG', '2024-10-24 08:43:54', NULL),
(398, 19, 'SARADAN', '2024-10-24 08:43:54', NULL),
(399, 19, 'PILANGKENCENG', '2024-10-24 08:43:54', NULL),
(400, 19, 'MEJAYAN', '2024-10-24 08:43:54', NULL),
(401, 19, 'WONOASRI', '2024-10-24 08:43:54', NULL),
(402, 19, 'BALEREJO', '2024-10-24 08:43:54', NULL),
(403, 19, 'MADIUN', '2024-10-24 08:43:54', NULL),
(404, 19, 'SAWAHAN', '2024-10-24 08:43:54', NULL),
(405, 19, 'JIWAN', '2024-10-24 08:43:54', NULL),
(406, 20, 'PONCOL', '2024-10-24 08:43:54', NULL),
(407, 20, 'PARANG', '2024-10-24 08:43:54', NULL),
(408, 20, 'LEMBEYAN', '2024-10-24 08:43:54', NULL),
(409, 20, 'TAKERAN', '2024-10-24 08:43:54', NULL),
(410, 20, 'NGUNTORONADI', '2024-10-24 08:43:54', NULL),
(411, 20, 'KAWEDANAN', '2024-10-24 08:43:54', NULL),
(412, 20, 'MAGETAN', '2024-10-24 08:43:54', NULL),
(413, 20, 'NGARIBOYO', '2024-10-24 08:43:54', NULL),
(414, 20, 'PLAOSAN', '2024-10-24 08:43:54', NULL),
(415, 20, 'SIDOREJO', '2024-10-24 08:43:54', NULL),
(416, 20, 'PANEKAN', '2024-10-24 08:43:54', NULL),
(417, 20, 'SUKOMORO', '2024-10-24 08:43:54', NULL),
(418, 20, 'BENDO', '2024-10-24 08:43:54', NULL),
(419, 20, 'MAOSPATI', '2024-10-24 08:43:54', NULL),
(420, 20, 'KARANGREJO', '2024-10-24 08:43:54', NULL),
(421, 20, 'KARAS', '2024-10-24 08:43:54', NULL),
(422, 20, 'BARAT', '2024-10-24 08:43:54', NULL),
(423, 20, 'KARTOHARJO', '2024-10-24 08:43:54', NULL),
(424, 21, 'SINE', '2024-10-24 08:43:54', NULL),
(425, 21, 'NGRAMBE', '2024-10-24 08:43:54', NULL),
(426, 21, 'JOGOROGO', '2024-10-24 08:43:54', NULL),
(427, 21, 'KENDAL', '2024-10-24 08:43:54', NULL),
(428, 21, 'GENENG', '2024-10-24 08:43:54', NULL),
(429, 21, 'GERIH', '2024-10-24 08:43:54', NULL),
(430, 21, 'KWADUNGAN', '2024-10-24 08:43:54', NULL),
(431, 21, 'PANGKUR', '2024-10-24 08:43:54', NULL),
(432, 21, 'KARANGJATI', '2024-10-24 08:43:54', NULL),
(433, 21, 'BRINGIN', '2024-10-24 08:43:54', NULL),
(434, 21, 'PADAS', '2024-10-24 08:43:54', NULL),
(435, 21, 'KASREMAN', '2024-10-24 08:43:54', NULL),
(436, 21, 'NGAWI', '2024-10-24 08:43:54', NULL),
(437, 21, 'PARON', '2024-10-24 08:43:54', NULL),
(438, 21, 'KEDUNGGALAR', '2024-10-24 08:43:54', NULL),
(439, 21, 'PITU', '2024-10-24 08:43:54', NULL),
(440, 21, 'WIDODAREN', '2024-10-24 08:43:54', NULL),
(441, 21, 'MANTINGAN', '2024-10-24 08:43:54', NULL),
(442, 21, 'KARANGANYAR', '2024-10-24 08:43:54', NULL),
(443, 22, 'MARGOMULYO', '2024-10-24 08:43:54', NULL),
(444, 22, 'NGRAHO', '2024-10-24 08:43:54', NULL),
(445, 22, 'TAMBAKREJO', '2024-10-24 08:43:54', NULL),
(446, 22, 'NGAMBON', '2024-10-24 08:43:54', NULL),
(447, 22, 'SEKAR', '2024-10-24 08:43:54', NULL),
(448, 22, 'BUBULAN', '2024-10-24 08:43:54', NULL),
(449, 22, 'GONDANG', '2024-10-24 08:43:54', NULL),
(450, 22, 'TEMAYANG', '2024-10-24 08:43:54', NULL),
(451, 22, 'SUGIHWARAS', '2024-10-24 08:43:54', NULL),
(452, 22, 'KEDUNGADEM', '2024-10-24 08:43:54', NULL),
(453, 22, 'KEPOH BARU', '2024-10-24 08:43:54', NULL),
(454, 22, 'BAURENO', '2024-10-24 08:43:54', NULL),
(455, 22, 'KANOR', '2024-10-24 08:43:54', NULL),
(456, 22, 'SUMBEREJO', '2024-10-24 08:43:54', NULL),
(457, 22, 'BALEN', '2024-10-24 08:43:54', NULL),
(458, 22, 'SUKOSEWU', '2024-10-24 08:43:54', NULL),
(459, 22, 'KAPAS', '2024-10-24 08:43:54', NULL),
(460, 22, 'BOJONEGORO', '2024-10-24 08:43:54', NULL),
(461, 22, 'TRUCUK', '2024-10-24 08:43:54', NULL),
(462, 22, 'DANDER', '2024-10-24 08:43:54', NULL),
(463, 22, 'NGASEM', '2024-10-24 08:43:54', NULL),
(464, 22, 'GAYAM', '2024-10-24 08:43:54', NULL),
(465, 22, 'KALITIDU', '2024-10-24 08:43:54', NULL),
(466, 22, 'MALO', '2024-10-24 08:43:54', NULL),
(467, 22, 'PURWOSARI', '2024-10-24 08:43:54', NULL),
(468, 22, 'PADANGAN', '2024-10-24 08:43:54', NULL),
(469, 22, 'KASIMAN', '2024-10-24 08:43:54', NULL),
(470, 22, 'KEDEWAN', '2024-10-24 08:43:54', NULL),
(471, 23, 'KENDURUAN', '2024-10-24 08:43:54', NULL),
(472, 23, 'BANGILAN', '2024-10-24 08:43:54', NULL),
(473, 23, 'SENORI', '2024-10-24 08:43:54', NULL),
(474, 23, 'SINGGAHAN', '2024-10-24 08:43:54', NULL),
(475, 23, 'MONTONG', '2024-10-24 08:43:54', NULL),
(476, 23, 'PARENGAN', '2024-10-24 08:43:54', NULL),
(477, 23, 'SOKO', '2024-10-24 08:43:54', NULL),
(478, 23, 'RENGEL', '2024-10-24 08:43:54', NULL),
(479, 23, 'GRABAGAN', '2024-10-24 08:43:54', NULL),
(480, 23, 'PLUMPANG', '2024-10-24 08:43:54', NULL),
(481, 23, 'WIDANG', '2024-10-24 08:43:54', NULL),
(482, 23, 'PALANG', '2024-10-24 08:43:54', NULL),
(483, 23, 'SEMANDING', '2024-10-24 08:43:54', NULL),
(484, 23, 'TUBAN', '2024-10-24 08:43:54', NULL),
(485, 23, 'JENU', '2024-10-24 08:43:54', NULL),
(486, 23, 'MERAKURAK', '2024-10-24 08:43:54', NULL),
(487, 23, 'KEREK', '2024-10-24 08:43:54', NULL),
(488, 23, 'TAMBAKBOYO', '2024-10-24 08:43:54', NULL),
(489, 23, 'JATIROGO', '2024-10-24 08:43:54', NULL),
(490, 23, 'BANCAR', '2024-10-24 08:43:54', NULL),
(491, 24, 'SUKORAME', '2024-10-24 08:43:54', NULL),
(492, 24, 'BLULUK', '2024-10-24 08:43:54', NULL),
(493, 24, 'NGIMBANG', '2024-10-24 08:43:54', NULL),
(494, 24, 'SAMBENG', '2024-10-24 08:43:54', NULL),
(495, 24, 'MANTUP', '2024-10-24 08:43:54', NULL),
(496, 24, 'KEMBANGBAHU', '2024-10-24 08:43:54', NULL),
(497, 24, 'SUGIO', '2024-10-24 08:43:54', NULL),
(498, 24, 'KEDUNGPRING', '2024-10-24 08:43:54', NULL),
(499, 24, 'MODO', '2024-10-24 08:43:54', NULL),
(500, 24, 'BABAT', '2024-10-24 08:43:54', NULL),
(501, 24, 'PUCUK', '2024-10-24 08:43:54', NULL),
(502, 24, 'SUKODADI', '2024-10-24 08:43:54', NULL),
(503, 24, 'LAMONGAN', '2024-10-24 08:43:54', NULL),
(504, 24, 'TIKUNG', '2024-10-24 08:43:54', NULL),
(505, 24, 'SARIREJO', '2024-10-24 08:43:54', NULL),
(506, 24, 'DEKET', '2024-10-24 08:43:54', NULL),
(507, 24, 'GLAGAH', '2024-10-24 08:43:54', NULL),
(508, 24, 'KARANGBINANGUN', '2024-10-24 08:43:54', NULL),
(509, 24, 'TURI', '2024-10-24 08:43:54', NULL),
(510, 24, 'KALITENGAH', '2024-10-24 08:43:54', NULL),
(511, 24, 'KARANG GENENG', '2024-10-24 08:43:54', NULL),
(512, 24, 'SEKARAN', '2024-10-24 08:43:54', NULL),
(513, 24, 'MADURAN', '2024-10-24 08:43:54', NULL),
(514, 24, 'LAREN', '2024-10-24 08:43:54', NULL),
(515, 24, 'SOLOKURO', '2024-10-24 08:43:54', NULL),
(516, 24, 'PACIRAN', '2024-10-24 08:43:54', NULL),
(517, 24, 'BRONDONG', '2024-10-24 08:43:54', NULL),
(518, 25, 'WRINGINANOM', '2024-10-24 08:43:54', NULL),
(519, 25, 'DRIYOREJO', '2024-10-24 08:43:54', NULL),
(520, 25, 'KEDAMEAN', '2024-10-24 08:43:54', NULL),
(521, 25, 'MENGANTI', '2024-10-24 08:43:54', NULL),
(522, 25, 'CERME', '2024-10-24 08:43:54', NULL),
(523, 25, 'BENJENG', '2024-10-24 08:43:54', NULL),
(524, 25, 'BALONGPANGGANG', '2024-10-24 08:43:54', NULL),
(525, 25, 'DUDUKSAMPEYAN', '2024-10-24 08:43:54', NULL),
(526, 25, 'KEBOMAS', '2024-10-24 08:43:54', NULL),
(527, 25, 'GRESIK', '2024-10-24 08:43:54', NULL),
(528, 25, 'MANYAR', '2024-10-24 08:43:54', NULL),
(529, 25, 'BUNGAH', '2024-10-24 08:43:54', NULL),
(530, 25, 'SIDAYU', '2024-10-24 08:43:54', NULL),
(531, 25, 'DUKUN', '2024-10-24 08:43:54', NULL),
(532, 25, 'PANCENG', '2024-10-24 08:43:54', NULL),
(533, 25, 'UJUNGPANGKAH', '2024-10-24 08:43:54', NULL),
(534, 25, 'SANGKAPURA', '2024-10-24 08:43:54', NULL),
(535, 25, 'TAMBAK', '2024-10-24 08:43:54', NULL),
(536, 26, 'KAMAL', '2024-10-24 08:43:54', NULL),
(537, 26, 'LABANG', '2024-10-24 08:43:54', NULL),
(538, 26, 'KWANYAR', '2024-10-24 08:43:54', NULL),
(539, 26, 'MODUNG', '2024-10-24 08:43:54', NULL),
(540, 26, 'BLEGA', '2024-10-24 08:43:54', NULL),
(541, 26, 'KONANG', '2024-10-24 08:43:54', NULL),
(542, 26, 'GALIS', '2024-10-24 08:43:54', NULL),
(543, 26, 'TANAH MERAH', '2024-10-24 08:43:54', NULL),
(544, 26, 'TRAGAH', '2024-10-24 08:43:54', NULL),
(545, 26, 'SOCAH', '2024-10-24 08:43:54', NULL),
(546, 26, 'BANGKALAN', '2024-10-24 08:43:54', NULL),
(547, 26, 'BURNEH', '2024-10-24 08:43:54', NULL),
(548, 26, 'AROSBAYA', '2024-10-24 08:43:54', NULL),
(549, 26, 'GEGER', '2024-10-24 08:43:54', NULL),
(550, 26, 'KOKOP', '2024-10-24 08:43:54', NULL),
(551, 26, 'TANJUNGBUMI', '2024-10-24 08:43:54', NULL),
(552, 26, 'SEPULU', '2024-10-24 08:43:54', NULL),
(553, 26, 'KLAMPIS', '2024-10-24 08:43:54', NULL),
(554, 27, 'SRESEH', '2024-10-24 08:43:54', NULL),
(555, 27, 'TORJUN', '2024-10-24 08:43:54', NULL),
(556, 27, 'PANGARENGAN', '2024-10-24 08:43:54', NULL),
(557, 27, 'SAMPANG', '2024-10-24 08:43:54', NULL),
(558, 27, 'CAMPLONG', '2024-10-24 08:43:54', NULL),
(559, 27, 'OMBEN', '2024-10-24 08:43:54', NULL),
(560, 27, 'KEDUNGDUNG', '2024-10-24 08:43:54', NULL),
(561, 27, 'JRENGIK', '2024-10-24 08:43:54', NULL),
(562, 27, 'TAMBELANGAN', '2024-10-24 08:43:54', NULL),
(563, 27, 'BANYUATES', '2024-10-24 08:43:54', NULL),
(564, 27, 'ROBATAL', '2024-10-24 08:43:54', NULL),
(565, 27, 'KARANG PENANG', '2024-10-24 08:43:54', NULL),
(566, 27, 'KETAPANG', '2024-10-24 08:43:54', NULL),
(567, 27, 'SOKOBANAH', '2024-10-24 08:43:54', NULL),
(568, 28, 'TLANAKAN', '2024-10-24 08:43:54', NULL),
(569, 28, 'PADEMAWU', '2024-10-24 08:43:54', NULL),
(570, 28, 'GALIS', '2024-10-24 08:43:54', NULL),
(571, 28, 'LARANGAN', '2024-10-24 08:43:54', NULL),
(572, 28, 'PAMEKASAN', '2024-10-24 08:43:54', NULL),
(573, 28, 'PROPPO', '2024-10-24 08:43:54', NULL),
(574, 28, 'PALENGAAN', '2024-10-24 08:43:54', NULL),
(575, 28, 'PEGANTENAN', '2024-10-24 08:43:54', NULL),
(576, 28, 'KADUR', '2024-10-24 08:43:54', NULL),
(577, 28, 'PAKONG', '2024-10-24 08:43:54', NULL),
(578, 28, 'WARU', '2024-10-24 08:43:54', NULL),
(579, 28, 'BATU MARMAR', '2024-10-24 08:43:54', NULL),
(580, 28, 'PASEAN', '2024-10-24 08:43:54', NULL),
(581, 29, 'PRAGAAN', '2024-10-24 08:43:54', NULL),
(582, 29, 'BLUTO', '2024-10-24 08:43:54', NULL),
(583, 29, 'SARONGGI', '2024-10-24 08:43:54', NULL),
(584, 29, 'GILIGENTENG', '2024-10-24 08:43:54', NULL),
(585, 29, 'TALANGO', '2024-10-24 08:43:54', NULL),
(586, 29, 'KALIANGET', '2024-10-24 08:43:54', NULL),
(587, 29, 'KOTA SUMENEP', '2024-10-24 08:43:54', NULL),
(588, 29, 'BATUAN', '2024-10-24 08:43:54', NULL),
(589, 29, 'LENTENG', '2024-10-24 08:43:54', NULL),
(590, 29, 'GANDING', '2024-10-24 08:43:54', NULL),
(591, 29, 'GULUK GULUK', '2024-10-24 08:43:54', NULL),
(592, 29, 'PASONGSONGAN', '2024-10-24 08:43:54', NULL),
(593, 29, 'AMBUNTEN', '2024-10-24 08:43:54', NULL),
(594, 29, 'RUBARU', '2024-10-24 08:43:54', NULL),
(595, 29, 'DASUK', '2024-10-24 08:43:54', NULL),
(596, 29, 'MANDING', '2024-10-24 08:43:54', NULL),
(597, 29, 'BATUPUTIH', '2024-10-24 08:43:54', NULL),
(598, 29, 'GAPURA', '2024-10-24 08:43:54', NULL),
(599, 29, 'BATANG BATANG', '2024-10-24 08:43:54', NULL),
(600, 29, 'DUNGKEK', '2024-10-24 08:43:54', NULL),
(601, 29, 'NONGGUNONG', '2024-10-24 08:43:54', NULL),
(602, 29, 'GAYAM', '2024-10-24 08:43:54', NULL),
(603, 29, 'RAAS', '2024-10-24 08:43:54', NULL),
(604, 29, 'SAPEKEN', '2024-10-24 08:43:54', NULL),
(605, 29, 'ARJASA', '2024-10-24 08:43:54', NULL),
(606, 29, 'KANGAYAN', '2024-10-24 08:43:54', NULL),
(607, 29, 'MASALEMBU', '2024-10-24 08:43:54', NULL),
(608, 30, 'MOJOROTO', '2024-10-24 08:43:54', NULL),
(609, 30, 'KOTA KEDIRI', '2024-10-24 08:43:54', NULL),
(610, 30, 'PESANTREN', '2024-10-24 08:43:54', NULL),
(611, 31, 'SUKOREJO', '2024-10-24 08:43:54', NULL),
(612, 31, 'KEPANJENKIDUL', '2024-10-24 08:43:54', NULL),
(613, 31, 'SANANWETAN', '2024-10-24 08:43:54', NULL),
(614, 32, 'KEDUNGKANDANG', '2024-10-24 08:43:54', NULL),
(615, 32, 'SUKUN', '2024-10-24 08:43:54', NULL),
(616, 32, 'KLOJEN', '2024-10-24 08:43:54', NULL),
(617, 32, 'BLIMBING', '2024-10-24 08:43:54', NULL),
(618, 32, 'LOWOKWARU', '2024-10-24 08:43:54', NULL),
(619, 33, 'KADEMANGAN', '2024-10-24 08:43:54', NULL),
(620, 33, 'KEDOPOK', '2024-10-24 08:43:54', NULL),
(621, 33, 'WONOASIH', '2024-10-24 08:43:54', NULL),
(622, 33, 'MAYANGAN', '2024-10-24 08:43:54', NULL),
(623, 33, 'KANIGARAN', '2024-10-24 08:43:54', NULL),
(624, 34, 'GADINGREJO', '2024-10-24 08:43:54', NULL),
(625, 34, 'PURWOREJO', '2024-10-24 08:43:54', NULL),
(626, 34, 'BUGUL KIDUL', '2024-10-24 08:43:54', NULL),
(627, 34, 'PANGGUNGREJO', '2024-10-24 08:43:54', NULL),
(628, 35, 'PRAJURIT KULON', '2024-10-24 08:43:54', NULL),
(629, 35, 'MAGERSARI', '2024-10-24 08:43:54', NULL),
(630, 35, 'KRANGGAN', '2024-10-24 08:43:54', NULL),
(631, 36, 'MANGUHARJO', '2024-10-24 08:43:54', NULL),
(632, 36, 'TAMAN', '2024-10-24 08:43:54', NULL),
(633, 36, 'KARTOHARJO', '2024-10-24 08:43:54', NULL),
(634, 37, 'KARANG PILANG', '2024-10-24 08:43:54', NULL),
(635, 37, 'JAMBANGAN', '2024-10-24 08:43:54', NULL),
(636, 37, 'GAYUNGAN', '2024-10-24 08:43:54', NULL),
(637, 37, 'WONOCOLO', '2024-10-24 08:43:54', NULL),
(638, 37, 'TENGGILIS MEJOYO', '2024-10-24 08:43:54', NULL),
(639, 37, 'GUNUNG ANYAR', '2024-10-24 08:43:54', NULL),
(640, 37, 'RUNGKUT', '2024-10-24 08:43:54', NULL),
(641, 37, 'SUKOLILO', '2024-10-24 08:43:54', NULL),
(642, 37, 'MULYOREJO', '2024-10-24 08:43:54', NULL),
(643, 37, 'GUBENG', '2024-10-24 08:43:54', NULL),
(644, 37, 'WONOKROMO', '2024-10-24 08:43:54', NULL),
(645, 37, 'DUKUH PAKIS', '2024-10-24 08:43:54', NULL),
(646, 37, 'WIYUNG', '2024-10-24 08:43:54', NULL),
(647, 37, 'LAKARSANTRI', '2024-10-24 08:43:54', NULL),
(648, 37, 'SAMBIKEREP', '2024-10-24 08:43:54', NULL),
(649, 37, 'TANDES', '2024-10-24 08:43:54', NULL),
(650, 37, 'SUKO MANUNGGAL', '2024-10-24 08:43:54', NULL),
(651, 37, 'SAWAHAN', '2024-10-24 08:43:54', NULL),
(652, 37, 'TEGALSARI', '2024-10-24 08:43:54', NULL),
(653, 37, 'GENTENG', '2024-10-24 08:43:54', NULL),
(654, 37, 'TAMBAKSARI', '2024-10-24 08:43:54', NULL),
(655, 37, 'KENJERAN', '2024-10-24 08:43:54', NULL),
(656, 37, 'BULAK', '2024-10-24 08:43:54', NULL),
(657, 37, 'SIMOKERTO', '2024-10-24 08:43:54', NULL),
(658, 37, 'SEMAMPIR', '2024-10-24 08:43:54', NULL),
(659, 37, 'PABEAN CANTIAN', '2024-10-24 08:43:54', NULL),
(660, 37, 'BUBUTAN', '2024-10-24 08:43:54', NULL),
(661, 37, 'KREMBANGAN', '2024-10-24 08:43:54', NULL),
(662, 37, 'ASEMROWO', '2024-10-24 08:43:54', NULL),
(663, 37, 'BENOWO', '2024-10-24 08:43:54', NULL),
(664, 37, 'PAKAL', '2024-10-24 08:43:54', NULL),
(665, 38, 'BATU', '2024-10-24 08:43:54', NULL),
(666, 38, 'JUNREJO', '2024-10-24 08:43:54', NULL),
(667, 38, 'BUMIAJI', '2024-10-24 08:43:54', NULL),
(668, 11, 'SEMPOL', NULL, NULL),
(669, 9, 'SUKOWONO', NULL, NULL);

-- --------------------------------------------------------

--
-- Struktur dari tabel `tb_kotakab`
--

CREATE TABLE `tb_kotakab` (
  `id` bigint(20) UNSIGNED NOT NULL,
  `nama_kotakab` varchar(255) NOT NULL,
  `created_at` timestamp NULL DEFAULT NULL,
  `updated_at` timestamp NULL DEFAULT NULL
) ENGINE=InnoDB DEFAULT CHARSET=utf8mb4 COLLATE=utf8mb4_unicode_ci;

--
-- Dumping data untuk tabel `tb_kotakab`
--

INSERT INTO `tb_kotakab` (`id`, `nama_kotakab`, `created_at`, `updated_at`) VALUES
(1, 'KABUPATEN PACITAN', '2024-10-24 06:38:52', NULL),
(2, 'KABUPATEN PONOROGO', '2024-10-24 06:38:52', NULL),
(3, 'KABUPATEN TRENGGALEK', '2024-10-24 06:38:52', NULL),
(4, 'KABUPATEN TULUNGAGUNG', '2024-10-24 06:38:52', NULL),
(5, 'KABUPATEN BLITAR', '2024-10-24 06:38:52', NULL),
(6, 'KABUPATEN KEDIRI', '2024-10-24 06:38:52', NULL),
(7, 'KABUPATEN MALANG', '2024-10-24 06:38:52', NULL),
(8, 'KABUPATEN LUMAJANG', '2024-10-24 06:38:52', NULL),
(9, 'KABUPATEN JEMBER', '2024-10-24 06:38:52', NULL),
(10, 'KABUPATEN BANYUWANGI', '2024-10-24 06:38:52', NULL),
(11, 'KABUPATEN BONDOWOSO', '2024-10-24 06:38:52', NULL),
(12, 'KABUPATEN SITUBONDO', '2024-10-24 06:38:52', NULL),
(13, 'KABUPATEN PROBOLINGGO', '2024-10-24 06:38:52', NULL),
(14, 'KABUPATEN PASURUAN', '2024-10-24 06:38:52', NULL),
(15, 'KABUPATEN SIDOARJO', '2024-10-24 06:38:52', NULL),
(16, 'KABUPATEN MOJOKERTO', '2024-10-24 06:38:52', NULL),
(17, 'KABUPATEN JOMBANG', '2024-10-24 06:38:52', NULL),
(18, 'KABUPATEN NGANJUK', '2024-10-24 06:38:52', NULL),
(19, 'KABUPATEN MADIUN', '2024-10-24 06:38:52', NULL),
(20, 'KABUPATEN MAGETAN', '2024-10-24 06:38:52', NULL),
(21, 'KABUPATEN NGAWI', '2024-10-24 06:38:52', NULL),
(22, 'KABUPATEN BOJONEGORO', '2024-10-24 06:38:52', NULL),
(23, 'KABUPATEN TUBAN', '2024-10-24 06:38:52', NULL),
(24, 'KABUPATEN LAMONGAN', '2024-10-24 06:38:52', NULL),
(25, 'KABUPATEN GRESIK', '2024-10-24 06:38:52', NULL),
(26, 'KABUPATEN BANGKALAN', '2024-10-24 06:38:52', NULL),
(27, 'KABUPATEN SAMPANG', '2024-10-24 06:38:52', NULL),
(28, 'KABUPATEN PAMEKASAN', '2024-10-24 06:38:52', NULL),
(29, 'KABUPATEN SUMENEP', '2024-10-24 06:38:52', NULL),
(30, 'KOTA KEDIRI', '2024-10-24 06:38:52', NULL),
(31, 'KOTA BLITAR', '2024-10-24 06:38:52', NULL),
(32, 'KOTA MALANG', '2024-10-24 06:38:52', NULL),
(33, 'KOTA PROBOLINGGO', '2024-10-24 06:38:52', NULL),
(34, 'KOTA PASURUAN', '2024-10-24 06:38:52', NULL),
(35, 'KOTA MOJOKERTO', '2024-10-24 06:38:52', NULL),
(36, 'KOTA MADIUN', '2024-10-24 06:38:52', NULL),
(37, 'KOTA SURABAYA', '2024-10-24 06:38:52', NULL),
(38, 'KOTA BATU', '2024-10-24 06:38:52', NULL),
(3524, 'KOTA BOJONEGORO', NULL, NULL);

-- --------------------------------------------------------

--
-- Struktur dari tabel `tb_log_iterasi`
--

CREATE TABLE `tb_log_iterasi` (
  `id` bigint(20) UNSIGNED NOT NULL,
  `tahun` int(11) NOT NULL,
  `iteration` int(11) NOT NULL,
  `cluster_label` varchar(255) DEFAULT NULL,
  `id_kotakab` int(11) DEFAULT NULL,
  `id_kecamatan` int(11) DEFAULT NULL,
  `centroid_frekuensi` float DEFAULT NULL,
  `centroid_kerusakan` float DEFAULT NULL,
  `centroid_korban` float DEFAULT NULL,
  `frekuensi_kejadian` int(11) DEFAULT NULL,
  `total_kerusakan` int(11) DEFAULT NULL,
  `total_korban` int(11) DEFAULT NULL,
  `c1` float DEFAULT NULL,
  `c2` float DEFAULT NULL,
  `c3` float DEFAULT NULL,
  `member_count` int(11) DEFAULT NULL,
  `euclidean_distance` float DEFAULT NULL,
  `created_at` timestamp NULL DEFAULT NULL,
  `updated_at` timestamp NULL DEFAULT NULL,
  `id_data` int(11) DEFAULT NULL,
  `type` enum('centroid','member','euclidean_distance','members_count') NOT NULL,
  `terdekat` varchar(255) DEFAULT NULL
) ENGINE=InnoDB DEFAULT CHARSET=utf8mb4 COLLATE=utf8mb4_unicode_ci;

-- --------------------------------------------------------

--
-- Struktur dari tabel `tb_silhouette_score`
--

CREATE TABLE `tb_silhouette_score` (
  `id` bigint(20) UNSIGNED NOT NULL,
  `avg_silhouette_score` decimal(8,6) NOT NULL,
  `tahun` varchar(255) NOT NULL,
  `created_at` timestamp NULL DEFAULT current_timestamp(),
  `updated_at` timestamp NULL DEFAULT NULL
) ENGINE=InnoDB DEFAULT CHARSET=utf8mb4 COLLATE=utf8mb4_unicode_ci;

-- --------------------------------------------------------

--
-- Struktur dari tabel `tb_user`
--

CREATE TABLE `tb_user` (
  `id` bigint(20) UNSIGNED NOT NULL,
  `nama_user` varchar(255) NOT NULL,
  `email` varchar(255) NOT NULL,
  `password` varchar(255) NOT NULL,
  `role` enum('superadmin','admin') NOT NULL,
  `created_at` timestamp NULL DEFAULT NULL,
  `updated_at` timestamp NULL DEFAULT NULL
) ENGINE=InnoDB DEFAULT CHARSET=utf8mb4 COLLATE=utf8mb4_unicode_ci;

--
-- Dumping data untuk tabel `tb_user`
--

INSERT INTO `tb_user` (`id`, `nama_user`, `email`, `password`, `role`, `created_at`, `updated_at`) VALUES
(1, 'Admin', 'admin@mail.com', '$2y$10$mSUHdlAia05aGgmPIhZZGOoCQqpEpbrkF2AtakvMuMobXX63GiZLa', 'superadmin', '2024-10-17 03:33:58', '2024-10-17 03:33:58'),
(2, 'Kevin', 'kevin@mail.com', '$2y$10$jc8ATAmDMpMwhl1s8I7k5OiVIAPn2foJYMAdSzaNFDStL1OrEj2/G', 'admin', '2024-11-28 04:57:31', '2024-11-28 04:57:31');

--
-- Indexes for dumped tables
--

--
-- Indeks untuk tabel `migrations`
--
ALTER TABLE `migrations`
  ADD PRIMARY KEY (`id`);

--
-- Indeks untuk tabel `personal_access_tokens`
--
ALTER TABLE `personal_access_tokens`
  ADD PRIMARY KEY (`id`),
  ADD UNIQUE KEY `personal_access_tokens_token_unique` (`token`),
  ADD KEY `personal_access_tokens_tokenable_type_tokenable_id_index` (`tokenable_type`,`tokenable_id`);

--
-- Indeks untuk tabel `tb_clustering`
--
ALTER TABLE `tb_clustering`
  ADD PRIMARY KEY (`id`),
  ADD KEY `tb_clustering_id_kotakab_foreign` (`id_kotakab`),
  ADD KEY `tb_clustering_id_kecamatan_foreign` (`id_kecamatan`);

--
-- Indeks untuk tabel `tb_databencana`
--
ALTER TABLE `tb_databencana`
  ADD PRIMARY KEY (`id`),
  ADD KEY `tb_databencana_id_kotakab_foreign` (`id_kotakab`),
  ADD KEY `tb_databencana_id_kecamatan_foreign` (`id_kecamatan`),
  ADD KEY `tb_databencana_id_jenisbencana_foreign` (`id_jenisbencana`);

--
-- Indeks untuk tabel `tb_jenisbencana`
--
ALTER TABLE `tb_jenisbencana`
  ADD PRIMARY KEY (`id`);

--
-- Indeks untuk tabel `tb_kecamatan`
--
ALTER TABLE `tb_kecamatan`
  ADD PRIMARY KEY (`id`),
  ADD KEY `tb_kecamatan_id_kotakab_foreign` (`id_kotakab`);

--
-- Indeks untuk tabel `tb_kotakab`
--
ALTER TABLE `tb_kotakab`
  ADD PRIMARY KEY (`id`);

--
-- Indeks untuk tabel `tb_log_iterasi`
--
ALTER TABLE `tb_log_iterasi`
  ADD PRIMARY KEY (`id`);

--
-- Indeks untuk tabel `tb_silhouette_score`
--
ALTER TABLE `tb_silhouette_score`
  ADD PRIMARY KEY (`id`);

--
-- Indeks untuk tabel `tb_user`
--
ALTER TABLE `tb_user`
  ADD PRIMARY KEY (`id`);

--
-- AUTO_INCREMENT untuk tabel yang dibuang
--

--
-- AUTO_INCREMENT untuk tabel `migrations`
--
ALTER TABLE `migrations`
  MODIFY `id` int(10) UNSIGNED NOT NULL AUTO_INCREMENT, AUTO_INCREMENT=22;

--
-- AUTO_INCREMENT untuk tabel `personal_access_tokens`
--
ALTER TABLE `personal_access_tokens`
  MODIFY `id` bigint(20) UNSIGNED NOT NULL AUTO_INCREMENT;

--
-- AUTO_INCREMENT untuk tabel `tb_clustering`
--
ALTER TABLE `tb_clustering`
  MODIFY `id` bigint(20) UNSIGNED NOT NULL AUTO_INCREMENT;

--
-- AUTO_INCREMENT untuk tabel `tb_databencana`
--
ALTER TABLE `tb_databencana`
  MODIFY `id` bigint(20) UNSIGNED NOT NULL AUTO_INCREMENT, AUTO_INCREMENT=4771;

--
-- AUTO_INCREMENT untuk tabel `tb_jenisbencana`
--
ALTER TABLE `tb_jenisbencana`
  MODIFY `id` bigint(20) UNSIGNED NOT NULL AUTO_INCREMENT, AUTO_INCREMENT=11;

--
-- AUTO_INCREMENT untuk tabel `tb_kecamatan`
--
ALTER TABLE `tb_kecamatan`
  MODIFY `id` bigint(20) UNSIGNED NOT NULL AUTO_INCREMENT, AUTO_INCREMENT=670;

--
-- AUTO_INCREMENT untuk tabel `tb_kotakab`
--
ALTER TABLE `tb_kotakab`
  MODIFY `id` bigint(20) UNSIGNED NOT NULL AUTO_INCREMENT, AUTO_INCREMENT=3525;

--
-- AUTO_INCREMENT untuk tabel `tb_log_iterasi`
--
ALTER TABLE `tb_log_iterasi`
  MODIFY `id` bigint(20) UNSIGNED NOT NULL AUTO_INCREMENT;

--
-- AUTO_INCREMENT untuk tabel `tb_silhouette_score`
--
ALTER TABLE `tb_silhouette_score`
  MODIFY `id` bigint(20) UNSIGNED NOT NULL AUTO_INCREMENT;

--
-- AUTO_INCREMENT untuk tabel `tb_user`
--
ALTER TABLE `tb_user`
  MODIFY `id` bigint(20) UNSIGNED NOT NULL AUTO_INCREMENT, AUTO_INCREMENT=4;

--
-- Ketidakleluasaan untuk tabel pelimpahan (Dumped Tables)
--

--
-- Ketidakleluasaan untuk tabel `tb_clustering`
--
ALTER TABLE `tb_clustering`
  ADD CONSTRAINT `tb_clustering_id_kecamatan_foreign` FOREIGN KEY (`id_kecamatan`) REFERENCES `tb_kecamatan` (`id`) ON DELETE CASCADE,
  ADD CONSTRAINT `tb_clustering_id_kotakab_foreign` FOREIGN KEY (`id_kotakab`) REFERENCES `tb_kotakab` (`id`) ON DELETE CASCADE;

--
-- Ketidakleluasaan untuk tabel `tb_databencana`
--
ALTER TABLE `tb_databencana`
  ADD CONSTRAINT `tb_databencana_id_jenisbencana_foreign` FOREIGN KEY (`id_jenisbencana`) REFERENCES `tb_jenisbencana` (`id`) ON DELETE CASCADE,
  ADD CONSTRAINT `tb_databencana_id_kecamatan_foreign` FOREIGN KEY (`id_kecamatan`) REFERENCES `tb_kecamatan` (`id`) ON DELETE CASCADE,
  ADD CONSTRAINT `tb_databencana_id_kotakab_foreign` FOREIGN KEY (`id_kotakab`) REFERENCES `tb_kotakab` (`id`) ON DELETE CASCADE;

--
-- Ketidakleluasaan untuk tabel `tb_kecamatan`
--
ALTER TABLE `tb_kecamatan`
  ADD CONSTRAINT `tb_kecamatan_id_kotakab_foreign` FOREIGN KEY (`id_kotakab`) REFERENCES `tb_kotakab` (`id`) ON DELETE CASCADE;
COMMIT;

/*!40101 SET CHARACTER_SET_CLIENT=@OLD_CHARACTER_SET_CLIENT */;
/*!40101 SET CHARACTER_SET_RESULTS=@OLD_CHARACTER_SET_RESULTS */;
/*!40101 SET COLLATION_CONNECTION=@OLD_COLLATION_CONNECTION */;
